fold,run,accuracy,precision,recall,f1_score
1,1,0.7447916666666666,0.7638888888888888,0.88,0.8178438661710037
1,2,0.7447916666666666,0.7638888888888888,0.88,0.8178438661710037
1,3,0.7447916666666666,0.7638888888888888,0.88,0.8178438661710037
1,4,0.7447916666666666,0.7638888888888888,0.88,0.8178438661710037
1,5,0.7447916666666666,0.7638888888888888,0.88,0.8178438661710037
1,6,0.7447916666666666,0.7638888888888888,0.88,0.8178438661710037
1,7,0.7447916666666666,0.7638888888888888,0.88,0.8178438661710037
1,8,0.7447916666666666,0.7638888888888888,0.88,0.8178438661710037
1,9,0.7447916666666666,0.7638888888888888,0.88,0.8178438661710037
1,10,0.7447916666666666,0.7638888888888888,0.88,0.8178438661710037
1,11,0.7447916666666666,0.7638888888888888,0.88,0.8178438661710037
1,12,0.7447916666666666,0.7638888888888888,0.88,0.8178438661710037
1,13,0.7447916666666666,0.7638888888888888,0.88,0.8178438661710037
1,14,0.7447916666666666,0.7638888888888888,0.88,0.8178438661710037
1,15,0.7447916666666666,0.7638888888888888,0.88,0.8178438661710037
1,16,0.7447916666666666,0.7638888888888888,0.88,0.8178438661710037
1,17,0.7447916666666666,0.7638888888888888,0.88,0.8178438661710037
1,18,0.7447916666666666,0.7638888888888888,0.88,0.8178438661710037
1,19,0.7447916666666666,0.7638888888888888,0.88,0.8178438661710037
1,20,0.7447916666666666,0.7638888888888888,0.88,0.8178438661710037
1,21,0.7447916666666666,0.7638888888888888,0.88,0.8178438661710037
1,22,0.7447916666666666,0.7638888888888888,0.88,0.8178438661710037
1,23,0.7447916666666666,0.7638888888888888,0.88,0.8178438661710037
1,24,0.7447916666666666,0.7638888888888888,0.88,0.8178438661710037
1,25,0.7447916666666666,0.7638888888888888,0.88,0.8178438661710037
1,26,0.7447916666666666,0.7638888888888888,0.88,0.8178438661710037
1,27,0.7447916666666666,0.7638888888888888,0.88,0.8178438661710037
1,28,0.7447916666666666,0.7638888888888888,0.88,0.8178438661710037
1,29,0.7447916666666666,0.7638888888888888,0.88,0.8178438661710037
1,30,0.7447916666666666,0.7638888888888888,0.88,0.8178438661710037
1,31,0.7447916666666666,0.7638888888888888,0.88,0.8178438661710037
1,32,0.7447916666666666,0.7638888888888888,0.88,0.8178438661710037
1,33,0.7447916666666666,0.7638888888888888,0.88,0.8178438661710037
1,34,0.7447916666666666,0.7638888888888888,0.88,0.8178438661710037
1,35,0.7447916666666666,0.7638888888888888,0.88,0.8178438661710037
1,36,0.7447916666666666,0.7638888888888888,0.88,0.8178438661710037
1,37,0.7447916666666666,0.7638888888888888,0.88,0.8178438661710037
1,38,0.7447916666666666,0.7638888888888888,0.88,0.8178438661710037
1,39,0.7447916666666666,0.7638888888888888,0.88,0.8178438661710037
1,40,0.7447916666666666,0.7638888888888888,0.88,0.8178438661710037
1,41,0.7447916666666666,0.7638888888888888,0.88,0.8178438661710037
1,42,0.7447916666666666,0.7638888888888888,0.88,0.8178438661710037
1,43,0.7447916666666666,0.7638888888888888,0.88,0.8178438661710037
1,44,0.7447916666666666,0.7638888888888888,0.88,0.8178438661710037
1,45,0.7447916666666666,0.7638888888888888,0.88,0.8178438661710037
1,46,0.7447916666666666,0.7638888888888888,0.88,0.8178438661710037
1,47,0.7447916666666666,0.7638888888888888,0.88,0.8178438661710037
1,48,0.7447916666666666,0.7638888888888888,0.88,0.8178438661710037
1,49,0.7447916666666666,0.7638888888888888,0.88,0.8178438661710037
1,50,0.7447916666666666,0.7638888888888888,0.88,0.8178438661710037
2,1,0.7552083333333334,0.7954545454545454,0.84,0.8171206225680934
2,2,0.7552083333333334,0.7954545454545454,0.84,0.8171206225680934
2,3,0.7552083333333334,0.7954545454545454,0.84,0.8171206225680934
2,4,0.7552083333333334,0.7954545454545454,0.84,0.8171206225680934
2,5,0.7552083333333334,0.7954545454545454,0.84,0.8171206225680934
2,6,0.7552083333333334,0.7954545454545454,0.84,0.8171206225680934
2,7,0.7552083333333334,0.7954545454545454,0.84,0.8171206225680934
2,8,0.7552083333333334,0.7954545454545454,0.84,0.8171206225680934
2,9,0.7552083333333334,0.7954545454545454,0.84,0.8171206225680934
2,10,0.7552083333333334,0.7954545454545454,0.84,0.8171206225680934
2,11,0.7552083333333334,0.7954545454545454,0.84,0.8171206225680934
2,12,0.7552083333333334,0.7954545454545454,0.84,0.8171206225680934
2,13,0.7552083333333334,0.7954545454545454,0.84,0.8171206225680934
2,14,0.7552083333333334,0.7954545454545454,0.84,0.8171206225680934
2,15,0.7552083333333334,0.7954545454545454,0.84,0.8171206225680934
2,16,0.7552083333333334,0.7954545454545454,0.84,0.8171206225680934
2,17,0.7552083333333334,0.7954545454545454,0.84,0.8171206225680934
2,18,0.7552083333333334,0.7954545454545454,0.84,0.8171206225680934
2,19,0.7552083333333334,0.7954545454545454,0.84,0.8171206225680934
2,20,0.7552083333333334,0.7954545454545454,0.84,0.8171206225680934
2,21,0.7552083333333334,0.7954545454545454,0.84,0.8171206225680934
2,22,0.7552083333333334,0.7954545454545454,0.84,0.8171206225680934
2,23,0.7552083333333334,0.7954545454545454,0.84,0.8171206225680934
2,24,0.7552083333333334,0.7954545454545454,0.84,0.8171206225680934
2,25,0.7552083333333334,0.7954545454545454,0.84,0.8171206225680934
2,26,0.7552083333333334,0.7954545454545454,0.84,0.8171206225680934
2,27,0.7552083333333334,0.7954545454545454,0.84,0.8171206225680934
2,28,0.7552083333333334,0.7954545454545454,0.84,0.8171206225680934
2,29,0.7552083333333334,0.7954545454545454,0.84,0.8171206225680934
2,30,0.7552083333333334,0.7954545454545454,0.84,0.8171206225680934
2,31,0.7552083333333334,0.7954545454545454,0.84,0.8171206225680934
2,32,0.7552083333333334,0.7954545454545454,0.84,0.8171206225680934
2,33,0.7552083333333334,0.7954545454545454,0.84,0.8171206225680934
2,34,0.7552083333333334,0.7954545454545454,0.84,0.8171206225680934
2,35,0.7552083333333334,0.7954545454545454,0.84,0.8171206225680934
2,36,0.7552083333333334,0.7954545454545454,0.84,0.8171206225680934
2,37,0.7552083333333334,0.7954545454545454,0.84,0.8171206225680934
2,38,0.7552083333333334,0.7954545454545454,0.84,0.8171206225680934
2,39,0.7552083333333334,0.7954545454545454,0.84,0.8171206225680934
2,40,0.7552083333333334,0.7954545454545454,0.84,0.8171206225680934
2,41,0.7552083333333334,0.7954545454545454,0.84,0.8171206225680934
2,42,0.7552083333333334,0.7954545454545454,0.84,0.8171206225680934
2,43,0.7552083333333334,0.7954545454545454,0.84,0.8171206225680934
2,44,0.7552083333333334,0.7954545454545454,0.84,0.8171206225680934
2,45,0.7552083333333334,0.7954545454545454,0.84,0.8171206225680934
2,46,0.7552083333333334,0.7954545454545454,0.84,0.8171206225680934
2,47,0.7552083333333334,0.7954545454545454,0.84,0.8171206225680934
2,48,0.7552083333333334,0.7954545454545454,0.84,0.8171206225680934
2,49,0.7552083333333334,0.7954545454545454,0.84,0.8171206225680934
2,50,0.7552083333333334,0.7954545454545454,0.84,0.8171206225680934
3,1,0.8333333333333334,0.872,0.872,0.872
3,2,0.8333333333333334,0.872,0.872,0.872
3,3,0.8333333333333334,0.872,0.872,0.872
3,4,0.8333333333333334,0.872,0.872,0.872
3,5,0.8333333333333334,0.872,0.872,0.872
3,6,0.8333333333333334,0.872,0.872,0.872
3,7,0.8333333333333334,0.872,0.872,0.872
3,8,0.8333333333333334,0.872,0.872,0.872
3,9,0.8333333333333334,0.872,0.872,0.872
3,10,0.8333333333333334,0.872,0.872,0.872
3,11,0.8333333333333334,0.872,0.872,0.872
3,12,0.8333333333333334,0.872,0.872,0.872
3,13,0.8333333333333334,0.872,0.872,0.872
3,14,0.8333333333333334,0.872,0.872,0.872
3,15,0.8333333333333334,0.872,0.872,0.872
3,16,0.8333333333333334,0.872,0.872,0.872
3,17,0.8333333333333334,0.872,0.872,0.872
3,18,0.8333333333333334,0.872,0.872,0.872
3,19,0.8333333333333334,0.872,0.872,0.872
3,20,0.8333333333333334,0.872,0.872,0.872
3,21,0.8333333333333334,0.872,0.872,0.872
3,22,0.8333333333333334,0.872,0.872,0.872
3,23,0.8333333333333334,0.872,0.872,0.872
3,24,0.8333333333333334,0.872,0.872,0.872
3,25,0.8333333333333334,0.872,0.872,0.872
3,26,0.8333333333333334,0.872,0.872,0.872
3,27,0.8333333333333334,0.872,0.872,0.872
3,28,0.8333333333333334,0.872,0.872,0.872
3,29,0.8333333333333334,0.872,0.872,0.872
3,30,0.8333333333333334,0.872,0.872,0.872
3,31,0.8333333333333334,0.872,0.872,0.872
3,32,0.8333333333333334,0.872,0.872,0.872
3,33,0.8333333333333334,0.872,0.872,0.872
3,34,0.8333333333333334,0.872,0.872,0.872
3,35,0.8333333333333334,0.872,0.872,0.872
3,36,0.8333333333333334,0.872,0.872,0.872
3,37,0.8333333333333334,0.872,0.872,0.872
3,38,0.8333333333333334,0.872,0.872,0.872
3,39,0.8333333333333334,0.872,0.872,0.872
3,40,0.8333333333333334,0.872,0.872,0.872
3,41,0.8333333333333334,0.872,0.872,0.872
3,42,0.8333333333333334,0.872,0.872,0.872
3,43,0.8333333333333334,0.872,0.872,0.872
3,44,0.8333333333333334,0.872,0.872,0.872
3,45,0.8333333333333334,0.872,0.872,0.872
3,46,0.8333333333333334,0.872,0.872,0.872
3,47,0.8333333333333334,0.872,0.872,0.872
3,48,0.8333333333333334,0.872,0.872,0.872
3,49,0.8333333333333334,0.872,0.872,0.872
3,50,0.8333333333333334,0.872,0.872,0.872
4,1,0.6927083333333334,0.7661290322580645,0.76,0.7630522088353414
4,2,0.6927083333333334,0.7661290322580645,0.76,0.7630522088353414
4,3,0.6927083333333334,0.7661290322580645,0.76,0.7630522088353414
4,4,0.6927083333333334,0.7661290322580645,0.76,0.7630522088353414
4,5,0.6927083333333334,0.7661290322580645,0.76,0.7630522088353414
4,6,0.6927083333333334,0.7661290322580645,0.76,0.7630522088353414
4,7,0.6927083333333334,0.7661290322580645,0.76,0.7630522088353414
4,8,0.6927083333333334,0.7661290322580645,0.76,0.7630522088353414
4,9,0.6927083333333334,0.7661290322580645,0.76,0.7630522088353414
4,10,0.6927083333333334,0.7661290322580645,0.76,0.7630522088353414
4,11,0.6927083333333334,0.7661290322580645,0.76,0.7630522088353414
4,12,0.6927083333333334,0.7661290322580645,0.76,0.7630522088353414
4,13,0.6927083333333334,0.7661290322580645,0.76,0.7630522088353414
4,14,0.6927083333333334,0.7661290322580645,0.76,0.7630522088353414
4,15,0.6927083333333334,0.7661290322580645,0.76,0.7630522088353414
4,16,0.6927083333333334,0.7661290322580645,0.76,0.7630522088353414
4,17,0.6927083333333334,0.7661290322580645,0.76,0.7630522088353414
4,18,0.6927083333333334,0.7661290322580645,0.76,0.7630522088353414
4,19,0.6927083333333334,0.7661290322580645,0.76,0.7630522088353414
4,20,0.6927083333333334,0.7661290322580645,0.76,0.7630522088353414
4,21,0.6927083333333334,0.7661290322580645,0.76,0.7630522088353414
4,22,0.6927083333333334,0.7661290322580645,0.76,0.7630522088353414
4,23,0.6927083333333334,0.7661290322580645,0.76,0.7630522088353414
4,24,0.6927083333333334,0.7661290322580645,0.76,0.7630522088353414
4,25,0.6927083333333334,0.7661290322580645,0.76,0.7630522088353414
4,26,0.6927083333333334,0.7661290322580645,0.76,0.7630522088353414
4,27,0.6927083333333334,0.7661290322580645,0.76,0.7630522088353414
4,28,0.6927083333333334,0.7661290322580645,0.76,0.7630522088353414
4,29,0.6927083333333334,0.7661290322580645,0.76,0.7630522088353414
4,30,0.6927083333333334,0.7661290322580645,0.76,0.7630522088353414
4,31,0.6927083333333334,0.7661290322580645,0.76,0.7630522088353414
4,32,0.6927083333333334,0.7661290322580645,0.76,0.7630522088353414
4,33,0.6927083333333334,0.7661290322580645,0.76,0.7630522088353414
4,34,0.6927083333333334,0.7661290322580645,0.76,0.7630522088353414
4,35,0.6927083333333334,0.7661290322580645,0.76,0.7630522088353414
4,36,0.6927083333333334,0.7661290322580645,0.76,0.7630522088353414
4,37,0.6927083333333334,0.7661290322580645,0.76,0.7630522088353414
4,38,0.6927083333333334,0.7661290322580645,0.76,0.7630522088353414
4,39,0.6927083333333334,0.7661290322580645,0.76,0.7630522088353414
4,40,0.6927083333333334,0.7661290322580645,0.76,0.7630522088353414
4,41,0.6927083333333334,0.7661290322580645,0.76,0.7630522088353414
4,42,0.6927083333333334,0.7661290322580645,0.76,0.7630522088353414
4,43,0.6927083333333334,0.7661290322580645,0.76,0.7630522088353414
4,44,0.6927083333333334,0.7661290322580645,0.76,0.7630522088353414
4,45,0.6927083333333334,0.7661290322580645,0.76,0.7630522088353414
4,46,0.6927083333333334,0.7661290322580645,0.76,0.7630522088353414
4,47,0.6927083333333334,0.7661290322580645,0.76,0.7630522088353414
4,48,0.6927083333333334,0.7661290322580645,0.76,0.7630522088353414
4,49,0.6927083333333334,0.7661290322580645,0.76,0.7630522088353414
4,50,0.6927083333333334,0.7661290322580645,0.76,0.7630522088353414
