Fold,Run,Baseline_TP,Hybrid_TP,Difference_TP,Baseline_TN,Hybrid_TN,Difference_TN,Baseline_FP,Hybrid_FP,Difference_FP,Baseline_FN,Hybrid_FN,Difference_FN,Baseline_Accuracy,Hybrid_Accuracy,Difference_Accuracy,Baseline_Precision,Hybrid_Precision,Difference_Precision,Baseline_Recall,Hybrid_Recall,Difference_Recall,Baseline_F1_score,Hybrid_F1_score,Difference_F1_score,Baseline_Best_loss,Hybrid_Best_loss,Difference_Best_loss,Baseline_Iterations,Hybrid_Iterations,Difference_Iterations
1,1,58,55,-3,99,105,6,16,10,-6,2,5,3,0.897143,0.914286,0.017143,0.783784,0.846154,0.062370,0.966667,0.916667,-0.050000,0.865672,0.880000,0.014328,0.145842,0.035484,-0.110358,17,22,5
1,2,58,51,-7,107,108,1,8,7,-1,2,9,7,0.942857,0.908571,-0.034286,0.878788,0.879310,0.000522,0.966667,0.850000,-0.116667,0.920635,0.864407,-0.056228,0.217732,0.000001,-0.217732,17,100,83
1,3,54,52,-2,102,109,7,13,6,-7,6,8,2,0.891429,0.920000,0.028571,0.805970,0.896552,0.090582,0.900000,0.866667,-0.033333,0.850394,0.881356,0.030962,0.151504,0.000001,-0.151503,17,28,11
1,4,59,58,-1,98,110,12,17,5,-12,1,2,1,0.897143,0.960000,0.062857,0.776316,0.920635,0.144319,0.983333,0.966667,-0.016667,0.867647,0.943089,0.075442,0.175417,0.027567,-0.147851,17,22,5
1,5,53,53,0,109,106,-3,6,9,3,7,7,0,0.925714,0.908571,-0.017143,0.898305,0.854839,-0.043466,0.883333,0.883333,0.000000,0.890756,0.868852,-0.021904,0.263710,0.000001,-0.263710,17,100,83
1,6,54,55,1,102,108,6,13,7,-6,6,5,-1,0.891429,0.931429,0.040000,0.805970,0.887097,0.081127,0.900000,0.916667,0.016667,0.850394,0.901639,0.051246,0.308222,0.000001,-0.308221,17,100,83
1,7,53,56,3,109,110,1,6,5,-1,7,4,-3,0.925714,0.948571,0.022857,0.898305,0.918033,0.019728,0.883333,0.933333,0.050000,0.890756,0.925620,0.034864,0.132686,0.000734,-0.131951,17,28,11
1,8,55,55,0,100,108,8,15,7,-8,5,5,0,0.885714,0.931429,0.045714,0.785714,0.887097,0.101382,0.916667,0.916667,0.000000,0.846154,0.901639,0.055485,0.169070,0.040906,-0.128164,17,22,5
1,9,48,53,5,107,108,1,8,7,-1,12,7,-5,0.885714,0.920000,0.034286,0.857143,0.883333,0.026190,0.800000,0.883333,0.083333,0.827586,0.883333,0.055747,0.278039,0.000001,-0.278038,17,100,83
1,10,55,54,-1,99,105,6,16,10,-6,5,6,1,0.880000,0.908571,0.028571,0.774648,0.843750,0.069102,0.916667,0.900000,-0.016667,0.839695,0.870968,0.031273,0.265007,0.030403,-0.234604,17,28,11
1,11,56,53,-3,106,105,-1,9,10,1,4,7,3,0.925714,0.902857,-0.022857,0.861538,0.841270,-0.020269,0.933333,0.883333,-0.050000,0.896000,0.861789,-0.034211,0.268373,0.000001,-0.268373,17,100,83
1,12,56,58,2,106,105,-1,9,10,1,4,2,-2,0.925714,0.931429,0.005714,0.861538,0.852941,-0.008597,0.933333,0.966667,0.033333,0.896000,0.906250,0.010250,0.137086,0.035160,-0.101925,17,34,17
1,13,55,56,1,110,106,-4,5,9,4,5,4,-1,0.942857,0.925714,-0.017143,0.916667,0.861538,-0.055128,0.916667,0.933333,0.016667,0.916667,0.896000,-0.020667,0.197070,0.027105,-0.169965,17,22,5
1,14,54,56,2,106,107,1,9,8,-1,6,4,-2,0.914286,0.931429,0.017143,0.857143,0.875000,0.017857,0.900000,0.933333,0.033333,0.878049,0.903226,0.025177,0.209867,0.011924,-0.197943,17,34,17
1,15,55,54,-1,108,106,-2,7,9,2,5,6,1,0.931429,0.914286,-0.017143,0.887097,0.857143,-0.029954,0.916667,0.900000,-0.016667,0.901639,0.878049,-0.023591,0.156900,0.000001,-0.156899,17,100,83
1,16,59,56,-3,105,109,4,10,6,-4,1,4,3,0.937143,0.942857,0.005714,0.855072,0.903226,0.048153,0.983333,0.933333,-0.050000,0.914729,0.918033,0.003304,0.227244,0.000001,-0.227243,17,100,83
1,17,54,55,1,102,103,1,13,12,-1,6,5,-1,0.891429,0.902857,0.011429,0.805970,0.820896,0.014925,0.900000,0.916667,0.016667,0.850394,0.866142,0.015748,0.188641,0.046335,-0.142306,17,22,5
1,18,57,55,-2,104,106,2,11,9,-2,3,5,2,0.920000,0.920000,0.000000,0.838235,0.859375,0.021140,0.950000,0.916667,-0.033333,0.890625,0.887097,-0.003528,0.146490,0.000313,-0.146177,17,76,59
1,19,58,56,-2,105,107,2,10,8,-2,2,4,2,0.931429,0.931429,0.000000,0.852941,0.875000,0.022059,0.966667,0.933333,-0.033333,0.906250,0.903226,-0.003024,0.158541,0.000002,-0.158540,17,46,29
1,20,57,55,-2,105,107,2,10,8,-2,3,5,2,0.925714,0.925714,0.000000,0.850746,0.873016,0.022270,0.950000,0.916667,-0.033333,0.897638,0.894309,-0.003329,0.191837,0.007511,-0.184326,17,28,11
1,21,52,54,2,104,110,6,11,5,-6,8,6,-2,0.891429,0.937143,0.045714,0.825397,0.915254,0.089857,0.866667,0.900000,0.033333,0.845528,0.907563,0.062035,0.269034,0.026955,-0.242079,17,22,5
1,22,58,53,-5,108,106,-2,7,9,2,2,7,5,0.948571,0.908571,-0.040000,0.892308,0.854839,-0.037469,0.966667,0.883333,-0.083333,0.928000,0.868852,-0.059148,0.229914,0.004775,-0.225139,17,22,5
1,23,53,56,3,106,110,4,9,5,-4,7,4,-3,0.908571,0.948571,0.040000,0.854839,0.918033,0.063194,0.883333,0.933333,0.050000,0.868852,0.925620,0.056767,0.246852,0.000158,-0.246694,17,22,5
1,24,54,52,-2,106,111,5,9,4,-5,6,8,2,0.914286,0.931429,0.017143,0.857143,0.928571,0.071429,0.900000,0.866667,-0.033333,0.878049,0.896552,0.018503,0.152293,0.004117,-0.148176,17,28,11
1,25,55,56,1,106,105,-1,9,10,1,5,4,-1,0.920000,0.920000,0.000000,0.859375,0.848485,-0.010890,0.916667,0.933333,0.016667,0.887097,0.888889,0.001792,0.251386,0.038260,-0.213127,17,22,5
1,26,58,52,-6,108,105,-3,7,10,3,2,8,6,0.948571,0.897143,-0.051429,0.892308,0.838710,-0.053598,0.966667,0.866667,-0.100000,0.928000,0.852459,-0.075541,0.195573,0.031832,-0.163741,17,22,5
1,27,47,56,9,103,109,6,12,6,-6,13,4,-9,0.857143,0.942857,0.085714,0.796610,0.903226,0.106616,0.783333,0.933333,0.150000,0.789916,0.918033,0.128117,0.227585,0.048023,-0.179562,17,22,5
1,28,58,55,-3,101,110,9,14,5,-9,2,5,3,0.908571,0.942857,0.034286,0.805556,0.916667,0.111111,0.966667,0.916667,-0.050000,0.878788,0.916667,0.037879,0.229069,0.000000,-0.229069,17,100,83
1,29,57,55,-2,102,106,4,13,9,-4,3,5,2,0.908571,0.920000,0.011429,0.814286,0.859375,0.045089,0.950000,0.916667,-0.033333,0.876923,0.887097,0.010174,0.191496,0.000023,-0.191473,17,34,17
1,30,58,55,-3,108,105,-3,7,10,3,2,5,3,0.948571,0.914286,-0.034286,0.892308,0.846154,-0.046154,0.966667,0.916667,-0.050000,0.928000,0.880000,-0.048000,0.153535,0.052495,-0.101040,17,28,11
1,31,56,55,-1,103,107,4,12,8,-4,4,5,1,0.908571,0.925714,0.017143,0.823529,0.873016,0.049486,0.933333,0.916667,-0.016667,0.875000,0.894309,0.019309,0.171740,0.011488,-0.160252,17,28,11
1,32,56,54,-2,105,103,-2,10,12,2,4,6,2,0.920000,0.897143,-0.022857,0.848485,0.818182,-0.030303,0.933333,0.900000,-0.033333,0.888889,0.857143,-0.031746,0.248254,0.000001,-0.248253,17,100,83
1,33,48,54,6,108,110,2,7,5,-2,12,6,-6,0.891429,0.937143,0.045714,0.872727,0.915254,0.042527,0.800000,0.900000,0.100000,0.834783,0.907563,0.072780,0.273048,0.000001,-0.273047,17,100,83
1,34,58,56,-2,104,104,0,11,11,0,2,4,2,0.925714,0.914286,-0.011429,0.840580,0.835821,-0.004759,0.966667,0.933333,-0.033333,0.899225,0.881890,-0.017335,0.278687,0.000011,-0.278677,17,40,23
1,35,56,55,-1,105,104,-1,10,11,1,4,5,1,0.920000,0.908571,-0.011429,0.848485,0.833333,-0.015152,0.933333,0.916667,-0.016667,0.888889,0.873016,-0.015873,0.245819,0.000001,-0.245818,17,100,83
1,36,51,55,4,109,104,-5,6,11,5,9,5,-4,0.914286,0.908571,-0.005714,0.894737,0.833333,-0.061404,0.850000,0.916667,0.066667,0.871795,0.873016,0.001221,0.445339,0.049100,-0.396239,18,22,4
1,37,52,56,4,107,107,0,8,8,0,8,4,-4,0.908571,0.931429,0.022857,0.866667,0.875000,0.008333,0.866667,0.933333,0.066667,0.866667,0.903226,0.036559,0.245961,0.000000,-0.245961,17,100,83
1,38,57,54,-3,106,104,-2,9,11,2,3,6,3,0.931429,0.902857,-0.028571,0.863636,0.830769,-0.032867,0.950000,0.900000,-0.050000,0.904762,0.864000,-0.040762,0.213449,0.000001,-0.213448,17,100,83
1,39,54,55,1,104,106,2,11,9,-2,6,5,-1,0.902857,0.920000,0.017143,0.830769,0.859375,0.028606,0.900000,0.916667,0.016667,0.864000,0.887097,0.023097,0.180312,0.037055,-0.143256,17,22,5
1,40,57,53,-4,109,109,0,6,6,0,3,7,4,0.948571,0.925714,-0.022857,0.904762,0.898305,-0.006457,0.950000,0.883333,-0.066667,0.926829,0.890756,-0.036073,0.171824,0.026157,-0.145667,17,22,5
1,41,57,54,-3,108,108,0,7,7,0,3,6,3,0.942857,0.925714,-0.017143,0.890625,0.885246,-0.005379,0.950000,0.900000,-0.050000,0.919355,0.892562,-0.026793,0.252384,0.000568,-0.251816,17,34,17
1,42,55,57,2,109,110,1,6,5,-1,5,3,-2,0.937143,0.954286,0.017143,0.901639,0.919355,0.017715,0.916667,0.950000,0.033333,0.909091,0.934426,0.025335,0.149223,0.011004,-0.138219,17,28,11
1,43,49,54,5,110,108,-2,5,7,2,11,6,-5,0.908571,0.925714,0.017143,0.907407,0.885246,-0.022162,0.816667,0.900000,0.083333,0.859649,0.892562,0.032913,0.264600,0.000010,-0.264590,37,28,-9
1,44,50,55,5,105,104,-1,10,11,1,10,5,-5,0.885714,0.908571,0.022857,0.833333,0.833333,0.000000,0.833333,0.916667,0.083333,0.833333,0.873016,0.039683,0.204923,0.000001,-0.204922,17,100,83
1,45,60,53,-7,101,108,7,14,7,-7,0,7,7,0.920000,0.920000,0.000000,0.810811,0.883333,0.072523,1.000000,0.883333,-0.116667,0.895522,0.883333,-0.012189,0.188044,0.000004,-0.188040,17,34,17
1,46,55,56,1,108,106,-2,7,9,2,5,4,-1,0.931429,0.925714,-0.005714,0.887097,0.861538,-0.025558,0.916667,0.933333,0.016667,0.901639,0.896000,-0.005639,0.154031,0.040111,-0.113920,17,22,5
1,47,52,55,3,111,109,-2,4,6,2,8,5,-3,0.931429,0.937143,0.005714,0.928571,0.901639,-0.026932,0.866667,0.916667,0.050000,0.896552,0.909091,0.012539,0.177565,0.029781,-0.147784,17,22,5
1,48,50,53,3,100,105,5,15,10,-5,10,7,-3,0.857143,0.902857,0.045714,0.769231,0.841270,0.072039,0.833333,0.883333,0.050000,0.800000,0.861789,0.061789,0.272924,0.000005,-0.272918,17,46,29
1,49,56,55,-1,103,108,5,12,7,-5,4,5,1,0.908571,0.931429,0.022857,0.823529,0.887097,0.063567,0.933333,0.916667,-0.016667,0.875000,0.901639,0.026639,0.307006,0.035154,-0.271852,17,28,11
1,50,55,54,-1,108,109,1,7,6,-1,5,6,1,0.931429,0.931429,0.000000,0.887097,0.900000,0.012903,0.916667,0.900000,-0.016667,0.901639,0.900000,-0.001639,0.240817,0.005291,-0.235525,17,27,10
2,1,56,51,-5,109,113,4,6,2,-4,4,9,5,0.942857,0.937143,-0.005714,0.903226,0.962264,0.059038,0.933333,0.850000,-0.083333,0.918033,0.902655,-0.015378,0.286020,0.039539,-0.246480,17,22,5
2,2,55,54,-1,113,112,-1,2,3,1,5,6,1,0.960000,0.948571,-0.011429,0.964912,0.947368,-0.017544,0.916667,0.900000,-0.016667,0.940171,0.923077,-0.017094,0.232884,0.054204,-0.178679,17,22,5
2,3,54,55,1,113,112,-1,2,3,1,6,5,-1,0.954286,0.954286,0.000000,0.964286,0.948276,-0.016010,0.900000,0.916667,0.016667,0.931034,0.932203,0.001169,0.220134,0.034106,-0.186028,17,28,11
2,4,43,55,12,113,114,1,2,1,-1,17,5,-12,0.891429,0.965714,0.074286,0.955556,0.982143,0.026587,0.716667,0.916667,0.200000,0.819048,0.948276,0.129228,0.322641,0.034903,-0.287738,17,28,11
2,5,53,55,2,113,113,0,2,2,0,7,5,-2,0.948571,0.960000,0.011429,0.963636,0.964912,0.001276,0.883333,0.916667,0.033333,0.921739,0.940171,0.018432,0.320708,0.022273,-0.298435,17,22,5
2,6,52,53,1,108,113,5,7,2,-5,8,7,-1,0.914286,0.948571,0.034286,0.881356,0.963636,0.082280,0.866667,0.883333,0.016667,0.873950,0.921739,0.047790,0.345554,0.034914,-0.310640,17,22,5
2,7,56,51,-5,113,112,-1,2,3,1,4,9,5,0.965714,0.931429,-0.034286,0.965517,0.944444,-0.021073,0.933333,0.850000,-0.083333,0.949153,0.894737,-0.054416,0.166244,0.025610,-0.140633,17,28,11
2,8,49,54,5,111,113,2,4,2,-2,11,6,-5,0.914286,0.954286,0.040000,0.924528,0.964286,0.039757,0.816667,0.900000,0.083333,0.867257,0.931034,0.063778,0.272127,0.035361,-0.236766,17,22,5
2,9,51,48,-3,112,113,1,3,2,-1,9,12,3,0.931429,0.920000,-0.011429,0.944444,0.960000,0.015556,0.850000,0.800000,-0.050000,0.894737,0.872727,-0.022010,0.354639,0.000035,-0.354604,17,28,11
2,10,45,56,11,108,112,4,7,3,-4,15,4,-11,0.874286,0.960000,0.085714,0.865385,0.949153,0.083768,0.750000,0.933333,0.183333,0.803571,0.941176,0.137605,0.312290,0.057102,-0.255189,17,22,5
2,11,57,52,-5,111,113,2,4,2,-2,3,8,5,0.960000,0.942857,-0.017143,0.934426,0.962963,0.028537,0.950000,0.866667,-0.083333,0.942149,0.912281,-0.029868,0.321226,0.044024,-0.277202,17,34,17
2,12,57,51,-6,112,113,1,3,2,-1,3,9,6,0.965714,0.937143,-0.028571,0.950000,0.962264,0.012264,0.950000,0.850000,-0.100000,0.950000,0.902655,-0.047345,0.243414,0.034560,-0.208855,17,22,5
2,13,49,56,7,115,112,-3,0,3,3,11,4,-7,0.937143,0.960000,0.022857,1.000000,0.949153,-0.050847,0.816667,0.933333,0.116667,0.899083,0.941176,0.042094,0.210302,0.059097,-0.151205,17,22,5
2,14,57,53,-4,113,114,1,2,1,-1,3,7,4,0.971429,0.954286,-0.017143,0.966102,0.981481,0.015380,0.950000,0.883333,-0.066667,0.957983,0.929825,-0.028159,0.285883,0.034840,-0.251043,17,22,5
2,15,51,53,2,114,111,-3,1,4,3,9,7,-2,0.942857,0.937143,-0.005714,0.980769,0.929825,-0.050945,0.850000,0.883333,0.033333,0.910714,0.905983,-0.004731,0.204988,0.044231,-0.160758,17,34,17
2,16,56,55,-1,108,114,6,7,1,-6,4,5,1,0.937143,0.965714,0.028571,0.888889,0.982143,0.093254,0.933333,0.916667,-0.016667,0.910569,0.948276,0.037707,0.308853,0.020714,-0.288139,17,28,11
2,17,47,51,4,114,115,1,1,0,-1,13,9,-4,0.920000,0.948571,0.028571,0.979167,1.000000,0.020833,0.783333,0.850000,0.066667,0.870370,0.918919,0.048549,0.271676,0.000001,-0.271675,17,34,17
2,18,57,55,-2,112,114,2,3,1,-2,3,5,2,0.965714,0.965714,0.000000,0.950000,0.982143,0.032143,0.950000,0.916667,-0.033333,0.950000,0.948276,-0.001724,0.185420,0.031955,-0.153465,17,28,11
2,19,58,54,-4,113,112,-1,2,3,1,2,6,4,0.977143,0.948571,-0.028571,0.966667,0.947368,-0.019298,0.966667,0.900000,-0.066667,0.966667,0.923077,-0.043590,0.248155,0.027593,-0.220561,17,22,5
2,20,58,54,-4,111,112,1,4,3,-1,2,6,4,0.965714,0.948571,-0.017143,0.935484,0.947368,0.011885,0.966667,0.900000,-0.066667,0.950820,0.923077,-0.027743,0.263703,0.059061,-0.204642,17,22,5
2,21,51,53,2,113,114,1,2,1,-1,9,7,-2,0.937143,0.954286,0.017143,0.962264,0.981481,0.019217,0.850000,0.883333,0.033333,0.902655,0.929825,0.027170,0.308886,0.037842,-0.271043,17,22,5
2,22,58,55,-3,113,113,0,2,2,0,2,5,3,0.977143,0.960000,-0.017143,0.966667,0.964912,-0.001754,0.966667,0.916667,-0.050000,0.966667,0.940171,-0.026496,0.356669,0.060424,-0.296246,17,22,5
2,23,57,51,-6,113,115,2,2,0,-2,3,9,6,0.971429,0.948571,-0.022857,0.966102,1.000000,0.033898,0.950000,0.850000,-0.100000,0.957983,0.918919,-0.039064,0.328048,0.000001,-0.328048,17,100,83
2,24,54,56,2,113,112,-1,2,3,1,6,4,-2,0.954286,0.960000,0.005714,0.964286,0.949153,-0.015133,0.900000,0.933333,0.033333,0.931034,0.941176,0.010142,0.212185,0.020444,-0.191741,17,28,11
2,25,56,50,-6,113,113,0,2,2,0,4,10,6,0.965714,0.931429,-0.034286,0.965517,0.961538,-0.003979,0.933333,0.833333,-0.100000,0.949153,0.892857,-0.056295,0.308715,0.000149,-0.308567,17,76,59
2,26,57,55,-2,114,114,0,1,1,0,3,5,2,0.977143,0.965714,-0.011429,0.982759,0.982143,-0.000616,0.950000,0.916667,-0.033333,0.966102,0.948276,-0.017826,0.250446,0.034866,-0.215580,17,23,6
2,27,51,52,1,107,114,7,8,1,-7,9,8,-1,0.902857,0.948571,0.045714,0.864407,0.981132,0.116725,0.850000,0.866667,0.016667,0.857143,0.920354,0.063211,0.343519,0.019656,-0.323863,17,28,11
2,28,56,55,-1,111,114,3,4,1,-3,4,5,1,0.954286,0.965714,0.011429,0.933333,0.982143,0.048810,0.933333,0.916667,-0.016667,0.933333,0.948276,0.014943,0.268940,0.051001,-0.217939,17,22,5
2,29,55,49,-6,108,114,6,7,1,-6,5,11,6,0.931429,0.931429,0.000000,0.887097,0.980000,0.092903,0.916667,0.816667,-0.100000,0.901639,0.890909,-0.010730,0.258406,0.000000,-0.258405,17,100,83
2,30,57,54,-3,112,113,1,3,2,-1,3,6,3,0.965714,0.954286,-0.011429,0.950000,0.964286,0.014286,0.950000,0.900000,-0.050000,0.950000,0.931034,-0.018966,0.150791,0.042909,-0.107882,17,22,5
2,31,56,53,-3,108,113,5,7,2,-5,4,7,3,0.937143,0.948571,0.011429,0.888889,0.963636,0.074747,0.933333,0.883333,-0.050000,0.910569,0.921739,0.011170,0.241546,0.038166,-0.203380,17,22,5
2,32,52,55,3,113,112,-1,2,3,1,8,5,-3,0.942857,0.954286,0.011429,0.962963,0.948276,-0.014687,0.866667,0.916667,0.050000,0.912281,0.932203,0.019923,0.323059,0.038412,-0.284647,17,22,5
2,33,49,58,9,112,112,0,3,3,0,11,2,-9,0.920000,0.971429,0.051429,0.942308,0.950820,0.008512,0.816667,0.966667,0.150000,0.875000,0.958678,0.083678,0.352627,0.004826,-0.347801,17,34,17
2,34,53,56,3,111,114,3,4,1,-3,7,4,-3,0.937143,0.971429,0.034286,0.929825,0.982456,0.052632,0.883333,0.933333,0.050000,0.905983,0.957265,0.051282,0.366849,0.010229,-0.356621,17,28,11
2,35,57,53,-4,114,114,0,1,1,0,3,7,4,0.977143,0.954286,-0.022857,0.982759,0.981481,-0.001277,0.950000,0.883333,-0.066667,0.966102,0.929825,-0.036277,0.304098,0.000151,-0.303948,17,34,17
2,36,35,54,19,112,113,1,3,2,-1,25,6,-19,0.840000,0.954286,0.114286,0.921053,0.964286,0.043233,0.583333,0.900000,0.316667,0.714286,0.931034,0.216749,0.453899,0.033638,-0.420262,17,22,5
2,37,44,53,9,115,112,-3,0,3,3,16,7,-9,0.908571,0.942857,0.034286,1.000000,0.946429,-0.053571,0.733333,0.883333,0.150000,0.846154,0.913793,0.067639,0.213986,0.000001,-0.213986,26,100,74
2,38,57,52,-5,113,112,-1,2,3,1,3,8,5,0.971429,0.937143,-0.034286,0.966102,0.945455,-0.020647,0.950000,0.866667,-0.083333,0.957983,0.904348,-0.053635,0.307644,0.000008,-0.307635,17,28,11
2,39,54,52,-2,107,112,5,8,3,-5,6,8,2,0.920000,0.937143,0.017143,0.870968,0.945455,0.074487,0.900000,0.866667,-0.033333,0.885246,0.904348,0.019102,0.220358,0.000001,-0.220357,17,100,83
2,40,51,56,5,113,112,-1,2,3,1,9,4,-5,0.937143,0.960000,0.022857,0.962264,0.949153,-0.013112,0.850000,0.933333,0.083333,0.902655,0.941176,0.038522,0.203865,0.019038,-0.184827,17,22,5
2,41,53,54,1,112,112,0,3,3,0,7,6,-1,0.942857,0.948571,0.005714,0.946429,0.947368,0.000940,0.883333,0.900000,0.016667,0.913793,0.923077,0.009284,0.300901,0.013308,-0.287593,17,34,17
2,42,54,53,-1,114,114,0,1,1,0,6,7,1,0.960000,0.954286,-0.005714,0.981818,0.981481,-0.000337,0.900000,0.883333,-0.016667,0.939130,0.929825,-0.009306,0.174044,0.000001,-0.174043,17,100,83
2,43,54,55,1,113,113,0,2,2,0,6,5,-1,0.954286,0.960000,0.005714,0.964286,0.964912,0.000627,0.900000,0.916667,0.016667,0.931034,0.940171,0.009136,0.362576,0.000001,-0.362575,17,100,83
2,44,52,48,-4,113,113,0,2,2,0,8,12,4,0.942857,0.920000,-0.022857,0.962963,0.960000,-0.002963,0.866667,0.800000,-0.066667,0.912281,0.872727,-0.039553,0.318922,0.000005,-0.318917,17,52,35
2,45,58,55,-3,107,113,6,8,2,-6,2,5,3,0.942857,0.960000,0.017143,0.878788,0.964912,0.086124,0.966667,0.916667,-0.050000,0.920635,0.940171,0.019536,0.324947,0.035457,-0.289490,17,28,11
2,46,52,55,3,113,113,0,2,2,0,8,5,-3,0.942857,0.960000,0.017143,0.962963,0.964912,0.001949,0.866667,0.916667,0.050000,0.912281,0.940171,0.027890,0.180292,0.063162,-0.117130,17,22,5
2,47,54,56,2,114,112,-2,1,3,2,6,4,-2,0.960000,0.960000,0.000000,0.981818,0.949153,-0.032666,0.900000,0.933333,0.033333,0.939130,0.941176,0.002046,0.301077,0.047255,-0.253822,17,22,5
2,48,55,51,-4,113,115,2,2,0,-2,5,9,4,0.960000,0.948571,-0.011429,0.964912,1.000000,0.035088,0.916667,0.850000,-0.066667,0.940171,0.918919,-0.021252,0.290134,0.005988,-0.284146,17,28,11
2,49,53,53,0,109,113,4,6,2,-4,7,7,0,0.925714,0.948571,0.022857,0.898305,0.963636,0.065331,0.883333,0.883333,0.000000,0.890756,0.921739,0.030983,0.347920,0.071971,-0.275949,17,22,5
2,50,55,58,3,113,110,-3,2,5,3,5,2,-3,0.960000,0.960000,0.000000,0.964912,0.920635,-0.044277,0.916667,0.966667,0.050000,0.940171,0.943089,0.002918,0.286989,0.031001,-0.255988,17,22,5
3,1,61,61,0,111,111,0,3,3,0,0,0,0,0.982857,0.982857,0.000000,0.953125,0.953125,0.000000,1.000000,1.000000,0.000000,0.976000,0.976000,0.000000,0.314441,0.055373,-0.259068,17,22,5
3,2,58,58,0,110,111,1,4,3,-1,3,3,0,0.960000,0.965714,0.005714,0.935484,0.950820,0.015336,0.950820,0.950820,0.000000,0.943089,0.950820,0.007730,0.236011,0.051990,-0.184021,17,22,5
3,3,58,56,-2,111,111,0,3,3,0,3,5,2,0.965714,0.954286,-0.011429,0.950820,0.949153,-0.001667,0.950820,0.918033,-0.032787,0.950820,0.933333,-0.017486,0.256316,0.000000,-0.256316,17,100,83
3,4,61,54,-7,106,112,6,8,2,-6,0,7,7,0.954286,0.948571,-0.005714,0.884058,0.964286,0.080228,1.000000,0.885246,-0.114754,0.938462,0.923077,-0.015385,0.353344,0.000197,-0.353147,17,28,11
3,5,52,60,8,111,111,0,3,3,0,9,1,-8,0.931429,0.977143,0.045714,0.945455,0.952381,0.006926,0.852459,0.983607,0.131148,0.896552,0.967742,0.071190,0.299014,0.000462,-0.298551,17,28,11
3,6,59,60,1,109,111,2,5,3,-2,2,1,-1,0.960000,0.977143,0.017143,0.921875,0.952381,0.030506,0.967213,0.983607,0.016393,0.944000,0.967742,0.023742,0.428602,0.008995,-0.419606,17,34,17
3,7,55,59,4,112,112,0,2,2,0,6,2,-4,0.954286,0.977143,0.022857,0.964912,0.967213,0.002301,0.901639,0.967213,0.065574,0.932203,0.967213,0.035010,0.147774,0.039674,-0.108101,17,22,5
3,8,56,57,1,110,112,2,4,2,-2,5,4,-1,0.948571,0.965714,0.017143,0.933333,0.966102,0.032768,0.918033,0.934426,0.016393,0.925620,0.950000,0.024380,0.271034,0.045032,-0.226002,26,22,-4
3,9,54,56,2,109,112,3,5,2,-3,7,5,-2,0.931429,0.960000,0.028571,0.915254,0.965517,0.050263,0.885246,0.918033,0.032787,0.900000,0.941176,0.041176,0.395559,0.047351,-0.348208,17,22,5
3,10,55,58,3,111,112,1,3,2,-1,6,3,-3,0.948571,0.971429,0.022857,0.948276,0.966667,0.018391,0.901639,0.950820,0.049180,0.924370,0.958678,0.034308,0.318774,0.000000,-0.318773,17,100,83
3,11,47,59,12,111,112,1,3,2,-1,14,2,-12,0.902857,0.977143,0.074286,0.940000,0.967213,0.027213,0.770492,0.967213,0.196721,0.846847,0.967213,0.120366,0.300950,0.034950,-0.265999,17,22,5
3,12,59,59,0,111,111,0,3,3,0,2,2,0,0.971429,0.971429,0.000000,0.951613,0.951613,0.000000,0.967213,0.967213,0.000000,0.959350,0.959350,0.000000,0.251869,0.000160,-0.251709,33,100,67
3,13,56,55,-1,110,112,2,4,2,-2,5,6,1,0.948571,0.954286,0.005714,0.933333,0.964912,0.031579,0.918033,0.901639,-0.016393,0.925620,0.932203,0.006584,0.216655,0.008340,-0.208315,17,34,17
3,14,60,59,-1,111,111,0,3,3,0,1,2,1,0.977143,0.971429,-0.005714,0.952381,0.951613,-0.000768,0.983607,0.967213,-0.016393,0.967742,0.959350,-0.008392,0.270119,0.000300,-0.269819,17,40,23
3,15,57,60,3,111,111,0,3,3,0,4,1,-3,0.960000,0.977143,0.017143,0.950000,0.952381,0.002381,0.934426,0.983607,0.049180,0.942149,0.967742,0.025593,0.202971,0.035154,-0.167817,17,22,5
3,16,61,61,0,112,112,0,2,2,0,0,0,0,0.988571,0.988571,0.000000,0.968254,0.968254,0.000000,1.000000,1.000000,0.000000,0.983871,0.983871,0.000000,0.401366,0.035154,-0.366212,17,40,23
3,17,45,58,13,111,112,1,3,2,-1,16,3,-13,0.891429,0.971429,0.080000,0.937500,0.966667,0.029167,0.737705,0.950820,0.213115,0.825688,0.958678,0.132990,0.247661,0.037697,-0.209964,17,22,5
3,18,60,59,-1,111,112,1,3,2,-1,1,2,1,0.977143,0.977143,0.000000,0.952381,0.967213,0.014832,0.983607,0.967213,-0.016393,0.967742,0.967213,-0.000529,0.214849,0.016397,-0.198452,17,34,17
3,19,61,58,-3,111,112,1,3,2,-1,0,3,3,0.982857,0.971429,-0.011429,0.953125,0.966667,0.013542,1.000000,0.950820,-0.049180,0.976000,0.958678,-0.017322,0.264234,0.000001,-0.264233,17,34,17
3,20,59,57,-2,110,112,2,4,2,-2,2,4,2,0.965714,0.965714,0.000000,0.936508,0.966102,0.029594,0.967213,0.934426,-0.032787,0.951613,0.950000,-0.001613,0.253445,0.035436,-0.218008,17,22,5
3,21,53,59,6,111,112,1,3,2,-1,8,2,-6,0.937143,0.977143,0.040000,0.946429,0.967213,0.020785,0.868852,0.967213,0.098361,0.905983,0.967213,0.061230,0.330502,0.043827,-0.286675,17,28,11
3,22,58,59,1,111,112,1,3,2,-1,3,2,-1,0.965714,0.977143,0.011429,0.950820,0.967213,0.016393,0.950820,0.967213,0.016393,0.950820,0.967213,0.016393,0.335501,0.046594,-0.288906,17,22,5
3,23,55,59,4,111,112,1,3,2,-1,6,2,-4,0.948571,0.977143,0.028571,0.948276,0.967213,0.018937,0.901639,0.967213,0.065574,0.924370,0.967213,0.042843,0.336238,0.058456,-0.277782,27,22,-5
3,24,58,59,1,112,112,0,2,2,0,3,2,-1,0.971429,0.977143,0.005714,0.966667,0.967213,0.000546,0.950820,0.967213,0.016393,0.958678,0.967213,0.008535,0.241825,0.042177,-0.199648,17,22,5
3,25,58,60,2,110,113,3,4,1,-3,3,1,-2,0.960000,0.988571,0.028571,0.935484,0.983607,0.048123,0.950820,0.983607,0.032787,0.943089,0.983607,0.040517,0.290083,0.007427,-0.282656,17,22,5
3,26,57,56,-1,111,112,1,3,2,-1,4,5,1,0.960000,0.960000,0.000000,0.950000,0.965517,0.015517,0.934426,0.918033,-0.016393,0.942149,0.941176,-0.000972,0.209840,0.058537,-0.151304,17,22,5
3,27,51,58,7,107,111,4,7,3,-4,10,3,-7,0.902857,0.965714,0.062857,0.879310,0.950820,0.071509,0.836066,0.950820,0.114754,0.857143,0.950820,0.093677,0.318386,0.030471,-0.287916,17,22,5
3,28,59,60,1,110,112,2,4,2,-2,2,1,-1,0.965714,0.982857,0.017143,0.936508,0.967742,0.031234,0.967213,0.983607,0.016393,0.951613,0.975610,0.023997,0.320395,0.043956,-0.276439,17,22,5
3,29,60,57,-3,110,112,2,4,2,-2,1,4,3,0.971429,0.965714,-0.005714,0.937500,0.966102,0.028602,0.983607,0.934426,-0.049180,0.960000,0.950000,-0.010000,0.309994,0.009830,-0.300164,17,34,17
3,30,57,57,0,112,112,0,2,2,0,4,4,0,0.965714,0.965714,0.000000,0.966102,0.966102,0.000000,0.934426,0.934426,0.000000,0.950000,0.950000,0.000000,0.154565,0.039003,-0.115561,17,22,5
3,31,61,59,-2,109,111,2,5,3,-2,0,2,2,0.971429,0.971429,0.000000,0.924242,0.951613,0.027370,1.000000,0.967213,-0.032787,0.960630,0.959350,-0.001280,0.263859,0.028155,-0.235704,17,22,5
3,32,58,57,-1,112,111,-1,2,3,1,3,4,1,0.971429,0.960000,-0.011429,0.966667,0.950000,-0.016667,0.950820,0.934426,-0.016393,0.958678,0.942149,-0.016529,0.311356,0.036134,-0.275222,17,22,5
3,33,58,57,-1,112,113,1,2,1,-1,3,4,1,0.971429,0.971429,0.000000,0.966667,0.982759,0.016092,0.950820,0.934426,-0.016393,0.958678,0.957983,-0.000694,0.421585,0.000001,-0.421584,17,100,83
3,34,57,57,0,111,112,1,3,2,-1,4,4,0,0.960000,0.965714,0.005714,0.950000,0.966102,0.016102,0.934426,0.934426,0.000000,0.942149,0.950000,0.007851,0.393035,0.025025,-0.368010,17,22,5
3,35,57,60,3,111,112,1,3,2,-1,4,1,-3,0.960000,0.982857,0.022857,0.950000,0.967742,0.017742,0.934426,0.983607,0.049180,0.942149,0.975610,0.033461,0.282036,0.053331,-0.228706,17,22,5
3,36,42,58,16,108,112,4,6,2,-4,19,3,-16,0.857143,0.971429,0.114286,0.875000,0.966667,0.091667,0.688525,0.950820,0.262295,0.770642,0.958678,0.188035,0.466220,0.024092,-0.442128,17,22,5
3,37,56,57,1,111,111,0,3,3,0,5,4,-1,0.954286,0.960000,0.005714,0.949153,0.950000,0.000847,0.918033,0.934426,0.016393,0.933333,0.942149,0.008815,0.335349,0.004919,-0.330430,17,28,11
3,38,58,61,3,111,112,1,3,2,-1,3,0,-3,0.965714,0.988571,0.022857,0.950820,0.968254,0.017434,0.950820,1.000000,0.049180,0.950820,0.983871,0.033051,0.309561,0.038588,-0.270974,17,22,5
3,39,54,55,1,108,112,4,6,2,-4,7,6,-1,0.925714,0.954286,0.028571,0.900000,0.964912,0.064912,0.885246,0.901639,0.016393,0.892562,0.932203,0.039641,0.227248,0.054265,-0.172983,17,22,5
3,40,56,57,1,112,111,-1,2,3,1,5,4,-1,0.960000,0.960000,0.000000,0.965517,0.950000,-0.015517,0.918033,0.934426,0.016393,0.941176,0.942149,0.000972,0.217112,0.060261,-0.156851,17,22,5
3,41,60,59,-1,112,111,-1,2,3,1,1,2,1,0.982857,0.971429,-0.011429,0.967742,0.951613,-0.016129,0.983607,0.967213,-0.016393,0.975610,0.959350,-0.016260,0.353645,0.021385,-0.332261,17,22,5
3,42,56,60,4,112,111,-1,2,3,1,5,1,-4,0.960000,0.977143,0.017143,0.965517,0.952381,-0.013136,0.918033,0.983607,0.065574,0.941176,0.967742,0.026565,0.187396,0.041555,-0.145841,17,28,11
3,43,60,58,-2,108,111,3,6,3,-3,1,3,2,0.960000,0.965714,0.005714,0.909091,0.950820,0.041729,0.983607,0.950820,-0.032787,0.944882,0.950820,0.005938,0.364029,0.048602,-0.315427,17,22,5
3,44,55,52,-3,111,112,1,3,2,-1,6,9,3,0.948571,0.937143,-0.011429,0.948276,0.962963,0.014687,0.901639,0.852459,-0.049180,0.924370,0.904348,-0.020022,0.297779,0.018449,-0.279330,17,22,5
3,45,48,59,11,111,112,1,3,2,-1,13,2,-11,0.908571,0.977143,0.068571,0.941176,0.967213,0.026037,0.786885,0.967213,0.180328,0.857143,0.967213,0.110070,0.342530,0.065754,-0.276776,17,22,5
3,46,55,59,4,112,112,0,2,2,0,6,2,-4,0.954286,0.977143,0.022857,0.964912,0.967213,0.002301,0.901639,0.967213,0.065574,0.932203,0.967213,0.035010,0.154290,0.061032,-0.093257,17,22,5
3,47,54,58,4,111,111,0,3,3,0,7,3,-4,0.942857,0.965714,0.022857,0.947368,0.950820,0.003451,0.885246,0.950820,0.065574,0.915254,0.950820,0.035565,0.248921,0.030007,-0.218914,31,28,-3
3,48,56,58,2,112,111,-1,2,3,1,5,3,-2,0.960000,0.965714,0.005714,0.965517,0.950820,-0.014698,0.918033,0.950820,0.032787,0.941176,0.950820,0.009643,0.291899,0.072983,-0.218916,17,22,5
3,49,60,60,0,104,112,8,10,2,-8,1,1,0,0.937143,0.982857,0.045714,0.857143,0.967742,0.110599,0.983607,0.983607,0.000000,0.916031,0.975610,0.059579,0.362611,0.052712,-0.309899,17,22,5
3,50,56,60,4,110,112,2,4,2,-2,5,1,-4,0.948571,0.982857,0.034286,0.933333,0.967742,0.034409,0.918033,0.983607,0.065574,0.925620,0.975610,0.049990,0.278060,0.051005,-0.227055,17,22,5
4,1,60,59,-1,107,111,4,7,3,-4,0,1,1,0.959770,0.977011,0.017241,0.895522,0.951613,0.056091,1.000000,0.983333,-0.016667,0.944882,0.967213,0.022331,0.261011,0.027218,-0.233794,17,22,5
4,2,59,57,-2,107,110,3,7,4,-3,1,3,2,0.954023,0.959770,0.005747,0.893939,0.934426,0.040487,0.983333,0.950000,-0.033333,0.936508,0.942149,0.005641,0.220012,0.000033,-0.219979,17,34,17
4,3,58,57,-1,110,109,-1,4,5,1,2,3,1,0.965517,0.954023,-0.011494,0.935484,0.919355,-0.016129,0.966667,0.950000,-0.016667,0.950820,0.934426,-0.016393,0.209415,0.033069,-0.176346,17,22,5
4,4,59,57,-2,103,108,5,11,6,-5,1,3,2,0.931034,0.948276,0.017241,0.842857,0.904762,0.061905,0.983333,0.950000,-0.033333,0.907692,0.926829,0.019137,0.302564,0.000010,-0.302554,17,28,11
4,5,52,57,5,111,109,-2,3,5,2,8,3,-5,0.936782,0.954023,0.017241,0.945455,0.919355,-0.026100,0.866667,0.950000,0.083333,0.904348,0.934426,0.030078,0.302346,0.025548,-0.276797,17,22,5
4,6,57,55,-2,104,111,7,10,3,-7,3,5,2,0.925287,0.954023,0.028736,0.850746,0.948276,0.097530,0.950000,0.916667,-0.033333,0.897638,0.932203,0.034566,0.340079,0.035087,-0.304992,17,34,17
4,7,55,58,3,111,110,-1,3,4,1,5,2,-3,0.954023,0.965517,0.011494,0.948276,0.935484,-0.012792,0.916667,0.966667,0.050000,0.932203,0.950820,0.018616,0.151010,0.022097,-0.128914,17,22,5
4,8,58,56,-2,110,109,-1,4,5,1,2,4,2,0.965517,0.948276,-0.017241,0.935484,0.918033,-0.017451,0.966667,0.933333,-0.033333,0.950820,0.925620,-0.025200,0.289317,0.041053,-0.248264,17,28,11
4,9,51,56,5,108,110,2,6,4,-2,9,4,-5,0.913793,0.954023,0.040230,0.894737,0.933333,0.038596,0.850000,0.933333,0.083333,0.871795,0.933333,0.061538,0.327395,0.035087,-0.292307,17,34,17
4,10,51,57,6,108,111,3,6,3,-3,9,3,-6,0.913793,0.965517,0.051724,0.894737,0.950000,0.055263,0.850000,0.950000,0.100000,0.871795,0.950000,0.078205,0.305078,0.040986,-0.264092,17,40,23
4,11,58,57,-1,106,110,4,8,4,-4,2,3,1,0.942529,0.959770,0.017241,0.878788,0.934426,0.055638,0.966667,0.950000,-0.016667,0.920635,0.942149,0.021514,0.290156,0.000001,-0.290155,17,100,83
4,12,59,58,-1,108,111,3,6,3,-3,1,2,1,0.959770,0.971264,0.011494,0.907692,0.950820,0.043127,0.983333,0.966667,-0.016667,0.944000,0.958678,0.014678,0.217019,0.036895,-0.180124,17,22,5
4,13,54,55,1,111,110,-1,3,4,1,6,5,-1,0.948276,0.948276,0.000000,0.947368,0.932203,-0.015165,0.900000,0.916667,0.016667,0.923077,0.924370,0.001293,0.216775,0.046704,-0.170070,17,22,5
4,14,58,57,-1,109,110,1,5,4,-1,2,3,1,0.959770,0.959770,0.000000,0.920635,0.934426,0.013791,0.966667,0.950000,-0.016667,0.943089,0.942149,-0.000941,0.258283,0.040676,-0.217606,17,22,5
4,15,58,57,-1,111,109,-2,3,5,2,2,3,1,0.971264,0.954023,-0.017241,0.950820,0.919355,-0.031465,0.966667,0.950000,-0.016667,0.958678,0.934426,-0.024251,0.221843,0.000005,-0.221838,17,46,29
4,16,59,57,-2,103,111,8,11,3,-8,1,3,2,0.931034,0.965517,0.034483,0.842857,0.950000,0.107143,0.983333,0.950000,-0.033333,0.907692,0.950000,0.042308,0.300835,0.022773,-0.278062,17,22,5
4,17,50,58,8,111,107,-4,3,7,4,10,2,-8,0.925287,0.948276,0.022989,0.943396,0.892308,-0.051089,0.833333,0.966667,0.133333,0.884956,0.928000,0.043044,0.257794,0.000001,-0.257793,17,100,83
4,18,59,53,-6,107,110,3,7,4,-3,1,7,6,0.954023,0.936782,-0.017241,0.893939,0.929825,0.035885,0.983333,0.883333,-0.100000,0.936508,0.905983,-0.030525,0.167098,0.000009,-0.167089,17,40,23
4,19,59,58,-1,108,110,2,6,4,-2,1,2,1,0.959770,0.965517,0.005747,0.907692,0.935484,0.027792,0.983333,0.966667,-0.016667,0.944000,0.950820,0.006820,0.194277,0.007278,-0.186999,17,34,17
4,20,58,58,0,105,110,5,9,4,-5,2,2,0,0.936782,0.965517,0.028736,0.865672,0.935484,0.069812,0.966667,0.966667,0.000000,0.913386,0.950820,0.037434,0.203564,0.008294,-0.195270,17,28,11
4,21,54,58,4,107,111,4,7,3,-4,6,2,-4,0.925287,0.971264,0.045977,0.885246,0.950820,0.065574,0.900000,0.966667,0.066667,0.892562,0.958678,0.066116,0.303254,0.062957,-0.240297,17,22,5
4,22,53,58,5,107,111,4,7,3,-4,7,2,-5,0.919540,0.971264,0.051724,0.883333,0.950820,0.067486,0.883333,0.966667,0.083333,0.883333,0.958678,0.075344,0.221395,0.046788,-0.174606,37,22,-15
4,23,52,57,5,108,110,2,6,4,-2,8,3,-5,0.919540,0.959770,0.040230,0.896552,0.934426,0.037875,0.866667,0.950000,0.083333,0.881356,0.942149,0.060793,0.260111,0.000006,-0.260105,17,34,17
4,24,58,55,-3,108,109,1,6,5,-1,2,5,3,0.954023,0.942529,-0.011494,0.906250,0.916667,0.010417,0.966667,0.916667,-0.050000,0.935484,0.916667,-0.018817,0.195577,0.000001,-0.195577,17,100,83
4,25,54,55,1,108,109,1,6,5,-1,6,5,-1,0.931034,0.942529,0.011494,0.900000,0.916667,0.016667,0.900000,0.916667,0.016667,0.900000,0.916667,0.016667,0.254106,0.006234,-0.247873,17,28,11
4,26,58,52,-6,109,110,1,5,4,-1,2,8,6,0.959770,0.931034,-0.028736,0.920635,0.928571,0.007937,0.966667,0.866667,-0.100000,0.943089,0.896552,-0.046538,0.231058,0.006044,-0.225013,17,28,11
4,27,45,57,12,109,112,3,5,2,-3,15,3,-12,0.885057,0.971264,0.086207,0.900000,0.966102,0.066102,0.750000,0.950000,0.200000,0.818182,0.957983,0.139801,0.349285,0.018662,-0.330623,17,22,5
4,28,58,55,-3,104,110,6,10,4,-6,2,5,3,0.931034,0.948276,0.017241,0.852941,0.932203,0.079262,0.966667,0.916667,-0.050000,0.906250,0.924370,0.018120,0.251340,0.000000,-0.251339,17,100,83
4,29,59,54,-5,103,110,7,11,4,-7,1,6,5,0.931034,0.942529,0.011494,0.842857,0.931034,0.088177,0.983333,0.900000,-0.083333,0.907692,0.915254,0.007562,0.247620,0.023972,-0.223648,17,22,5
4,30,57,59,2,111,110,-1,3,4,1,3,1,-2,0.965517,0.971264,0.005747,0.950000,0.936508,-0.013492,0.950000,0.983333,0.033333,0.950000,0.959350,0.009350,0.167477,0.000001,-0.167476,17,100,83
4,31,59,57,-2,108,111,3,6,3,-3,1,3,2,0.959770,0.965517,0.005747,0.907692,0.950000,0.042308,0.983333,0.950000,-0.033333,0.944000,0.950000,0.006000,0.244529,0.041106,-0.203423,17,22,5
4,32,55,55,0,111,110,-1,3,4,1,5,5,0,0.954023,0.948276,-0.005747,0.948276,0.932203,-0.016072,0.916667,0.916667,0.000000,0.932203,0.924370,-0.007834,0.279073,0.000065,-0.279009,17,28,11
4,33,48,56,8,107,111,4,7,3,-4,12,4,-8,0.890805,0.959770,0.068966,0.872727,0.949153,0.076425,0.800000,0.933333,0.133333,0.834783,0.941176,0.106394,0.334812,0.027463,-0.307349,17,22,5
4,34,59,58,-1,101,111,10,13,3,-10,1,2,1,0.919540,0.971264,0.051724,0.819444,0.950820,0.131375,0.983333,0.966667,-0.016667,0.893939,0.958678,0.064738,0.332882,0.017490,-0.315391,17,28,11
4,35,59,57,-2,107,110,3,7,4,-3,1,3,2,0.954023,0.959770,0.005747,0.893939,0.934426,0.040487,0.983333,0.950000,-0.033333,0.936508,0.942149,0.005641,0.245604,0.026301,-0.219303,17,28,11
4,36,58,55,-3,107,109,2,7,5,-2,2,5,3,0.948276,0.942529,-0.005747,0.892308,0.916667,0.024359,0.966667,0.916667,-0.050000,0.928000,0.916667,-0.011333,0.421388,0.000001,-0.421387,47,100,53
4,37,59,57,-2,107,112,5,7,2,-5,1,3,2,0.954023,0.971264,0.017241,0.893939,0.966102,0.072162,0.983333,0.950000,-0.033333,0.936508,0.957983,0.021475,0.272052,0.000006,-0.272045,17,34,17
4,38,59,58,-1,107,111,4,7,3,-4,1,2,1,0.954023,0.971264,0.017241,0.893939,0.950820,0.056880,0.983333,0.966667,-0.016667,0.936508,0.958678,0.022170,0.265200,0.063461,-0.201739,17,28,11
4,39,58,56,-2,103,111,8,11,3,-8,2,4,2,0.925287,0.959770,0.034483,0.840580,0.949153,0.108573,0.966667,0.933333,-0.033333,0.899225,0.941176,0.041952,0.214898,0.039860,-0.175038,17,22,5
4,40,57,56,-1,110,109,-1,4,5,1,3,4,1,0.959770,0.948276,-0.011494,0.934426,0.918033,-0.016393,0.950000,0.933333,-0.016667,0.942149,0.925620,-0.016529,0.194400,0.015906,-0.178494,17,22,5
4,41,57,59,2,108,109,1,6,5,-1,3,1,-2,0.948276,0.965517,0.017241,0.904762,0.921875,0.017113,0.950000,0.983333,0.033333,0.926829,0.951613,0.024784,0.288453,0.064749,-0.223704,17,22,5
4,42,57,57,0,109,111,2,5,3,-2,3,3,0,0.954023,0.965517,0.011494,0.919355,0.950000,0.030645,0.950000,0.950000,0.000000,0.934426,0.950000,0.015574,0.165517,0.041689,-0.123829,17,22,5
4,43,59,59,0,105,110,5,9,4,-5,1,1,0,0.942529,0.971264,0.028736,0.867647,0.936508,0.068861,0.983333,0.983333,0.000000,0.921875,0.959350,0.037475,0.348915,0.063489,-0.285426,17,22,5
4,44,51,57,6,108,111,3,6,3,-3,9,3,-6,0.913793,0.965517,0.051724,0.894737,0.950000,0.055263,0.850000,0.950000,0.100000,0.871795,0.950000,0.078205,0.291364,0.042102,-0.249262,17,22,5
4,45,54,58,4,108,109,1,6,5,-1,6,2,-4,0.931034,0.959770,0.028736,0.900000,0.920635,0.020635,0.900000,0.966667,0.066667,0.900000,0.943089,0.043089,0.314460,0.047552,-0.266907,17,22,5
4,46,55,56,1,112,111,-1,2,3,1,5,4,-1,0.959770,0.959770,0.000000,0.964912,0.949153,-0.015760,0.916667,0.933333,0.016667,0.940171,0.941176,0.001006,0.163169,0.055419,-0.107750,17,22,5
4,47,58,59,1,110,111,1,4,3,-1,2,1,-1,0.965517,0.977011,0.011494,0.935484,0.951613,0.016129,0.966667,0.983333,0.016667,0.950820,0.967213,0.016393,0.267520,0.036310,-0.231210,17,22,5
4,48,54,58,4,110,110,0,4,4,0,6,2,-4,0.942529,0.965517,0.022989,0.931034,0.935484,0.004449,0.900000,0.966667,0.066667,0.915254,0.950820,0.035565,0.250893,0.005665,-0.245228,17,34,17
4,49,57,58,1,103,109,6,11,5,-6,3,2,-1,0.919540,0.959770,0.040230,0.838235,0.920635,0.082400,0.950000,0.966667,0.016667,0.890625,0.943089,0.052464,0.315031,0.035643,-0.279389,17,22,5
4,50,58,56,-2,106,111,5,8,3,-5,2,4,2,0.942529,0.959770,0.017241,0.878788,0.949153,0.070365,0.966667,0.933333,-0.033333,0.920635,0.941176,0.020542,0.244291,0.035152,-0.209139,17,28,11
