fold,run,algorithm,accuracy,precision,recall,f1_score,convergence_speed,best_loss,threshold_reached,fold_threshold
1,1,Baseline ACOR,0.6302083333333334,0.75,0.648,0.6952789699570815,101,1.8260396064209397,False,1.431567650398584
1,2,Baseline ACOR,0.6302083333333334,0.7142857142857143,0.72,0.7171314741035857,0,1.3300312745816352,True,1.431567650398584
1,3,Baseline ACOR,0.6197916666666666,0.6710526315789473,0.816,0.7364620938628159,0,1.3151883107195266,True,1.431567650398584
1,4,Baseline ACOR,0.703125,0.7361111111111112,0.848,0.7881040892193308,101,1.6369548995204015,False,1.431567650398584
1,5,Baseline ACOR,0.5885416666666666,0.7053571428571429,0.632,0.6666666666666666,101,1.5067661231631688,False,1.431567650398584
1,6,Baseline ACOR,0.6041666666666666,0.6737588652482269,0.76,0.7142857142857143,101,1.727911715894589,False,1.431567650398584
1,7,Baseline ACOR,0.6510416666666666,0.7457627118644068,0.704,0.7242798353909465,0,0.9646065258206201,True,1.431567650398584
1,8,Baseline ACOR,0.6979166666666666,0.7189542483660131,0.88,0.7913669064748201,0,1.3880391841600297,True,1.431567650398584
1,9,Baseline ACOR,0.6510416666666666,0.7132352941176471,0.776,0.7432950191570882,0,1.4219690915460839,True,1.431567650398584
1,10,Baseline ACOR,0.6666666666666666,0.7479674796747967,0.736,0.7419354838709677,0,0.9303500153831852,True,1.431567650398584
1,11,Baseline ACOR,0.6458333333333334,0.6938775510204082,0.816,0.75,101,1.7928361046680403,False,1.431567650398584
1,12,Baseline ACOR,0.6458333333333334,0.7435897435897436,0.696,0.71900826446281,0,1.1465933048639116,True,1.431567650398584
1,13,Baseline ACOR,0.671875,0.7767857142857143,0.696,0.7341772151898734,101,1.621858759396974,False,1.431567650398584
1,14,Baseline ACOR,0.6041666666666666,0.7634408602150538,0.568,0.6513761467889908,0,1.1025496450161314,True,1.431567650398584
1,15,Baseline ACOR,0.6927083333333334,0.7115384615384616,0.888,0.7900355871886121,0,1.2397544458702576,True,1.431567650398584
1,16,Baseline ACOR,0.46875,0.6055045871559633,0.528,0.5641025641025641,101,1.8366176324514798,False,1.431567650398584
1,17,Baseline ACOR,0.546875,0.6862745098039216,0.56,0.6167400881057269,0,1.411804374731646,True,1.431567650398584
1,18,Baseline ACOR,0.5520833333333334,0.6535433070866141,0.664,0.6587301587301587,0,1.3769584566432813,True,1.431567650398584
1,19,Baseline ACOR,0.640625,0.7222222222222222,0.728,0.7250996015936255,0,1.0992556635178883,True,1.431567650398584
1,20,Baseline ACOR,0.65625,0.7062937062937062,0.808,0.753731343283582,0,0.7785613675482259,True,1.431567650398584
1,21,Baseline ACOR,0.6927083333333334,0.7946428571428571,0.712,0.7510548523206751,101,1.4538512812450644,False,1.431567650398584
1,22,Baseline ACOR,0.6510416666666666,0.7338709677419355,0.728,0.7309236947791165,0,0.863552113762181,True,1.431567650398584
1,23,Baseline ACOR,0.6927083333333334,0.7661290322580645,0.76,0.7630522088353414,0,1.2382006400232672,True,1.431567650398584
1,24,Baseline ACOR,0.6145833333333334,0.6976744186046512,0.72,0.7086614173228346,101,1.4885307788542848,False,1.431567650398584
1,25,Baseline ACOR,0.6510416666666666,0.6611111111111111,0.952,0.780327868852459,101,1.6364099104930838,False,1.431567650398584
1,26,Baseline ACOR,0.6979166666666666,0.703030303030303,0.928,0.8,101,1.5412970383753826,False,1.431567650398584
1,27,Baseline ACOR,0.6875,0.7338129496402878,0.816,0.7727272727272727,101,1.5542685698353276,False,1.431567650398584
1,28,Baseline ACOR,0.6145833333333334,0.7628865979381443,0.592,0.6666666666666666,101,1.528896267703355,False,1.431567650398584
1,29,Baseline ACOR,0.6666666666666666,0.6942675159235668,0.872,0.7730496453900709,0,1.129681463269967,True,1.431567650398584
1,30,Baseline ACOR,0.640625,0.6728395061728395,0.872,0.759581881533101,101,1.8336807832383297,False,1.431567650398584
1,31,Baseline ACOR,0.5208333333333334,0.6941176470588235,0.472,0.5619047619047619,101,1.5763469788174522,False,1.431567650398584
1,32,Baseline ACOR,0.5520833333333334,0.6585365853658537,0.648,0.6532258064516129,101,1.7707517442707545,False,1.431567650398584
1,33,Baseline ACOR,0.671875,0.7039473684210527,0.856,0.7725631768953068,0,1.1647164236897585,True,1.431567650398584
1,34,Baseline ACOR,0.640625,0.6794871794871795,0.848,0.7544483985765125,0,1.2475478084577454,True,1.431567650398584
1,35,Baseline ACOR,0.640625,0.6609195402298851,0.92,0.7692307692307693,101,1.4565513481580714,False,1.431567650398584
1,36,Baseline ACOR,0.671875,0.7924528301886793,0.672,0.7272727272727273,101,1.4482425456347279,False,1.431567650398584
1,37,Baseline ACOR,0.6770833333333334,0.7142857142857143,0.84,0.7720588235294118,0,1.3690542944126998,True,1.431567650398584
1,38,Baseline ACOR,0.5989583333333334,0.6739130434782609,0.744,0.7072243346007605,0,1.2588627421304521,True,1.431567650398584
1,39,Baseline ACOR,0.625,0.7431192660550459,0.648,0.6923076923076923,101,1.6818439448226887,False,1.431567650398584
1,40,Baseline ACOR,0.671875,0.7313432835820896,0.784,0.7567567567567568,101,1.62683083591912,False,1.431567650398584
1,41,Baseline ACOR,0.7083333333333334,0.7284768211920529,0.88,0.7971014492753623,101,1.516861907986748,False,1.431567650398584
1,42,Baseline ACOR,0.625,0.8117647058823529,0.552,0.6571428571428571,101,1.75915485910203,False,1.431567650398584
1,43,Baseline ACOR,0.5416666666666666,0.7126436781609196,0.496,0.5849056603773585,0,1.189617786155746,True,1.431567650398584
1,44,Baseline ACOR,0.6666666666666666,0.7563025210084033,0.72,0.7377049180327869,101,1.5541530625845714,False,1.431567650398584
1,45,Baseline ACOR,0.640625,0.7692307692307693,0.64,0.6986899563318777,0,0.908229330653652,True,1.431567650398584
1,46,Baseline ACOR,0.4635416666666667,0.5982142857142857,0.536,0.5654008438818565,101,1.5623293591495648,False,1.431567650398584
1,47,Baseline ACOR,0.671875,0.7313432835820896,0.784,0.7567567567567568,101,1.5003354710891372,False,1.431567650398584
1,48,Baseline ACOR,0.5677083333333334,0.6615384615384615,0.688,0.6745098039215687,101,1.9922794053233588,False,1.431567650398584
1,49,Baseline ACOR,0.578125,0.7156862745098039,0.584,0.6431718061674009,101,1.4833562316993767,False,1.431567650398584
1,50,Baseline ACOR,0.5729166666666666,0.7362637362637363,0.536,0.6203703703703703,101,1.7883010911532895,False,1.431567650398584
1,1,Hybrid ACOR-LM,0.75,0.781021897810219,0.856,0.816793893129771,0,0.3796127808635682,True,1.431567650398584
1,2,Hybrid ACOR-LM,0.6822916666666666,0.7580645161290323,0.752,0.7550200803212851,0,0.373695418543894,True,1.431567650398584
1,3,Hybrid ACOR-LM,0.7239583333333334,0.7727272727272727,0.816,0.7937743190661478,0,0.39764625603176096,True,1.431567650398584
1,4,Hybrid ACOR-LM,0.703125,0.7463768115942029,0.824,0.7832699619771863,0,0.3961384602133353,True,1.431567650398584
1,5,Hybrid ACOR-LM,0.7083333333333334,0.7412587412587412,0.848,0.7910447761194029,0,0.3962800891752531,True,1.431567650398584
1,6,Hybrid ACOR-LM,0.7135416666666666,0.7611940298507462,0.816,0.7876447876447876,0,0.3775424593502732,True,1.431567650398584
1,7,Hybrid ACOR-LM,0.7083333333333334,0.7593984962406015,0.808,0.7829457364341085,0,0.38551898821390984,True,1.431567650398584
1,8,Hybrid ACOR-LM,0.7291666666666666,0.7552447552447552,0.864,0.8059701492537313,0,0.3870113050739181,True,1.431567650398584
1,9,Hybrid ACOR-LM,0.7135416666666666,0.7536231884057971,0.832,0.7908745247148289,0,0.3612945330528107,True,1.431567650398584
1,10,Hybrid ACOR-LM,0.6770833333333334,0.7333333333333333,0.792,0.7615384615384615,0,0.3566377157272501,True,1.431567650398584
1,11,Hybrid ACOR-LM,0.6666666666666666,0.7194244604316546,0.8,0.7575757575757576,0,0.3617188898675845,True,1.431567650398584
1,12,Hybrid ACOR-LM,0.7239583333333334,0.7647058823529411,0.832,0.7969348659003831,0,0.4095916063445838,True,1.431567650398584
1,13,Hybrid ACOR-LM,0.7239583333333334,0.7686567164179104,0.824,0.7953667953667953,0,0.3782460672777351,True,1.431567650398584
1,14,Hybrid ACOR-LM,0.71875,0.7751937984496124,0.8,0.7874015748031497,0,0.37808217596256444,True,1.431567650398584
1,15,Hybrid ACOR-LM,0.6979166666666666,0.7410071942446043,0.824,0.7803030303030303,0,0.3986185769002579,True,1.431567650398584
1,16,Hybrid ACOR-LM,0.7447916666666666,0.7794117647058824,0.848,0.8122605363984674,0,0.38791230488808226,True,1.431567650398584
1,17,Hybrid ACOR-LM,0.7083333333333334,0.7482014388489209,0.832,0.7878787878787878,0,0.4169949002401195,True,1.431567650398584
1,18,Hybrid ACOR-LM,0.7239583333333334,0.7686567164179104,0.824,0.7953667953667953,0,0.38696536763053957,True,1.431567650398584
1,19,Hybrid ACOR-LM,0.7291666666666666,0.7703703703703704,0.832,0.8,0,0.39125948672747424,True,1.431567650398584
1,20,Hybrid ACOR-LM,0.7083333333333334,0.7446808510638298,0.84,0.7894736842105263,0,0.41223925375858067,True,1.431567650398584
1,21,Hybrid ACOR-LM,0.6979166666666666,0.7518796992481203,0.8,0.7751937984496124,0,0.3595761587744309,True,1.431567650398584
1,22,Hybrid ACOR-LM,0.671875,0.7214285714285714,0.808,0.7622641509433963,0,0.37427077876155934,True,1.431567650398584
1,23,Hybrid ACOR-LM,0.7395833333333334,0.7777777777777778,0.84,0.8076923076923077,0,0.4071440947489199,True,1.431567650398584
1,24,Hybrid ACOR-LM,0.7135416666666666,0.7573529411764706,0.824,0.789272030651341,0,0.3713553283317707,True,1.431567650398584
1,25,Hybrid ACOR-LM,0.7447916666666666,0.7753623188405797,0.856,0.8136882129277566,0,0.40321461693210003,True,1.431567650398584
1,26,Hybrid ACOR-LM,0.7291666666666666,0.7703703703703704,0.832,0.8,0,0.40674544889435765,True,1.431567650398584
1,27,Hybrid ACOR-LM,0.703125,0.7394366197183099,0.84,0.7865168539325843,0,0.38985001696975036,True,1.431567650398584
1,28,Hybrid ACOR-LM,0.6927083333333334,0.746268656716418,0.8,0.7722007722007722,0,0.3629721295743184,True,1.431567650398584
1,29,Hybrid ACOR-LM,0.7447916666666666,0.7676056338028169,0.872,0.8164794007490637,0,0.3944030591417393,True,1.431567650398584
1,30,Hybrid ACOR-LM,0.734375,0.7720588235294118,0.84,0.8045977011494253,0,0.3985701153147614,True,1.431567650398584
1,31,Hybrid ACOR-LM,0.703125,0.753731343283582,0.808,0.7799227799227799,0,0.36693341748823755,True,1.431567650398584
1,32,Hybrid ACOR-LM,0.7083333333333334,0.7633587786259542,0.8,0.78125,0,0.39860257337241034,True,1.431567650398584
1,33,Hybrid ACOR-LM,0.703125,0.753731343283582,0.808,0.7799227799227799,0,0.39602929134597153,True,1.431567650398584
1,34,Hybrid ACOR-LM,0.7135416666666666,0.7777777777777778,0.784,0.7808764940239044,0,0.3851041725036858,True,1.431567650398584
1,35,Hybrid ACOR-LM,0.75,0.7851851851851852,0.848,0.8153846153846154,0,0.3976739930230511,True,1.431567650398584
1,36,Hybrid ACOR-LM,0.6927083333333334,0.746268656716418,0.8,0.7722007722007722,0,0.35788248727150823,True,1.431567650398584
1,37,Hybrid ACOR-LM,0.6979166666666666,0.7445255474452555,0.816,0.7786259541984732,0,0.37613080018903744,True,1.431567650398584
1,38,Hybrid ACOR-LM,0.734375,0.7720588235294118,0.84,0.8045977011494253,0,0.38591436948998453,True,1.431567650398584
1,39,Hybrid ACOR-LM,0.7239583333333334,0.7571428571428571,0.848,0.8,0,0.39497898880214194,True,1.431567650398584
1,40,Hybrid ACOR-LM,0.7083333333333334,0.7555555555555555,0.816,0.7846153846153846,0,0.3721925813949756,True,1.431567650398584
1,41,Hybrid ACOR-LM,0.6927083333333334,0.7391304347826086,0.816,0.7756653992395437,0,0.3763394255134186,True,1.431567650398584
1,42,Hybrid ACOR-LM,0.6979166666666666,0.7410071942446043,0.824,0.7803030303030303,0,0.342522479585838,True,1.431567650398584
1,43,Hybrid ACOR-LM,0.7395833333333334,0.7819548872180451,0.832,0.8062015503875969,4,0.3681350178341105,True,1.431567650398584
1,44,Hybrid ACOR-LM,0.7291666666666666,0.7664233576642335,0.84,0.8015267175572519,0,0.3876852080727758,True,1.431567650398584
1,45,Hybrid ACOR-LM,0.7135416666666666,0.7573529411764706,0.824,0.789272030651341,0,0.38710505630049685,True,1.431567650398584
1,46,Hybrid ACOR-LM,0.71875,0.7553956834532374,0.84,0.7954545454545454,0,0.3860804645153455,True,1.431567650398584
1,47,Hybrid ACOR-LM,0.7291666666666666,0.7703703703703704,0.832,0.8,0,0.39498192178319297,True,1.431567650398584
1,48,Hybrid ACOR-LM,0.6979166666666666,0.7445255474452555,0.816,0.7786259541984732,0,0.36576115098997675,True,1.431567650398584
1,49,Hybrid ACOR-LM,0.6875,0.7241379310344828,0.84,0.7777777777777778,0,0.392033637377654,True,1.431567650398584
1,50,Hybrid ACOR-LM,0.703125,0.7463768115942029,0.824,0.7832699619771863,0,0.3687721141453214,True,1.431567650398584
2,1,Baseline ACOR,0.6145833333333334,0.7073170731707317,0.696,0.7016129032258065,101,1.9322045988338605,False,1.5110648073679414
2,2,Baseline ACOR,0.6458333333333334,0.7394957983193278,0.704,0.7213114754098361,0,1.399915208236324,True,1.5110648073679414
2,3,Baseline ACOR,0.6302083333333334,0.68,0.816,0.7418181818181818,0,1.3829025449376575,True,1.5110648073679414
2,4,Baseline ACOR,0.7083333333333334,0.7346938775510204,0.864,0.7941176470588235,101,1.7832975435239204,False,1.5110648073679414
2,5,Baseline ACOR,0.65625,0.7398373983739838,0.728,0.7338709677419355,101,1.592258556485905,False,1.5110648073679414
2,6,Baseline ACOR,0.6041666666666666,0.6929133858267716,0.704,0.6984126984126984,101,1.687061929155096,False,1.5110648073679414
2,7,Baseline ACOR,0.6302083333333334,0.7327586206896551,0.68,0.7053941908713693,0,0.9656493168826109,True,1.5110648073679414
2,8,Baseline ACOR,0.734375,0.73125,0.936,0.8210526315789474,101,1.59847398737295,False,1.5110648073679414
2,9,Baseline ACOR,0.7135416666666666,0.7651515151515151,0.808,0.7859922178988327,0,1.4601836843831977,True,1.5110648073679414
2,10,Baseline ACOR,0.671875,0.7583333333333333,0.728,0.7428571428571429,0,1.0445631164398035,True,1.5110648073679414
2,11,Baseline ACOR,0.65625,0.7092198581560284,0.8,0.7518796992481203,101,1.9391976286553398,False,1.5110648073679414
2,12,Baseline ACOR,0.6614583333333334,0.75,0.72,0.7346938775510204,0,1.1270588187839667,True,1.5110648073679414
2,13,Baseline ACOR,0.6927083333333334,0.775,0.744,0.7591836734693878,101,1.6777489580402967,False,1.5110648073679414
2,14,Baseline ACOR,0.6614583333333334,0.8571428571428571,0.576,0.6889952153110048,0,1.282674829708692,True,1.5110648073679414
2,15,Baseline ACOR,0.71875,0.738255033557047,0.88,0.8029197080291971,0,1.3294001742018304,True,1.5110648073679414
2,16,Baseline ACOR,0.640625,0.7,0.784,0.7396226415094339,101,1.7814075354595975,False,1.5110648073679414
2,17,Baseline ACOR,0.6614583333333334,0.8191489361702128,0.616,0.7031963470319634,101,1.5727648863878747,False,1.5110648073679414
2,18,Baseline ACOR,0.625,0.7264957264957265,0.68,0.7024793388429752,0,1.5000766065950364,True,1.5110648073679414
2,19,Baseline ACOR,0.7291666666666666,0.7517241379310344,0.872,0.8074074074074075,0,1.2005594033730962,True,1.5110648073679414
2,20,Baseline ACOR,0.7135416666666666,0.7430555555555556,0.856,0.7955390334572491,0,0.8534211520922765,True,1.5110648073679414
2,21,Baseline ACOR,0.640625,0.6772151898734177,0.856,0.7561837455830389,101,1.671013931064947,False,1.5110648073679414
2,22,Baseline ACOR,0.75,0.8031496062992126,0.816,0.8095238095238095,0,1.005160809499698,True,1.5110648073679414
2,23,Baseline ACOR,0.6979166666666666,0.7768595041322314,0.752,0.7642276422764228,0,1.1817365555281996,True,1.5110648073679414
2,24,Baseline ACOR,0.5520833333333334,0.6535433070866141,0.664,0.6587301587301587,101,1.5453224828233676,False,1.5110648073679414
2,25,Baseline ACOR,0.5989583333333334,0.6558441558441559,0.808,0.7240143369175627,101,1.7178555796275103,False,1.5110648073679414
2,26,Baseline ACOR,0.65625,0.6928104575163399,0.848,0.762589928057554,101,1.701885362509997,False,1.5110648073679414
2,27,Baseline ACOR,0.5833333333333334,0.6744186046511628,0.696,0.6850393700787402,101,1.6305928708269495,False,1.5110648073679414
2,28,Baseline ACOR,0.5885416666666666,0.75,0.552,0.6359447004608295,101,1.5629639448435482,False,1.5110648073679414
2,29,Baseline ACOR,0.65625,0.695364238410596,0.84,0.7608695652173914,0,1.1963767654488942,True,1.5110648073679414
2,30,Baseline ACOR,0.6979166666666666,0.7080745341614907,0.912,0.7972027972027972,101,1.974368976522958,False,1.5110648073679414
2,31,Baseline ACOR,0.703125,0.717948717948718,0.896,0.797153024911032,101,1.530701133658299,False,1.5110648073679414
2,32,Baseline ACOR,0.6302083333333334,0.717741935483871,0.712,0.714859437751004,101,1.9221459464757114,False,1.5110648073679414
2,33,Baseline ACOR,0.7604166666666666,0.7687074829931972,0.904,0.8308823529411765,0,1.3582320807300414,True,1.5110648073679414
2,34,Baseline ACOR,0.7083333333333334,0.776,0.776,0.776,0,1.307138305760496,True,1.5110648073679414
2,35,Baseline ACOR,0.6041666666666666,0.6503067484662577,0.848,0.7361111111111112,101,1.6349976456785618,False,1.5110648073679414
2,36,Baseline ACOR,0.7395833333333334,0.8378378378378378,0.744,0.788135593220339,0,1.4684982131510251,True,1.5110648073679414
2,37,Baseline ACOR,0.6770833333333334,0.6956521739130435,0.896,0.7832167832167832,0,1.379803316260359,True,1.5110648073679414
2,38,Baseline ACOR,0.640625,0.6891891891891891,0.816,0.7472527472527473,0,1.3231725152857858,True,1.5110648073679414
2,39,Baseline ACOR,0.65625,0.7521367521367521,0.704,0.7272727272727273,101,1.7571144900407365,False,1.5110648073679414
2,40,Baseline ACOR,0.625,0.7387387387387387,0.656,0.6949152542372882,101,1.692701543394305,False,1.5110648073679414
2,41,Baseline ACOR,0.5729166666666666,0.6692913385826772,0.68,0.6746031746031746,101,1.5897224252823645,False,1.5110648073679414
2,42,Baseline ACOR,0.546875,0.6319444444444444,0.728,0.6765799256505576,101,1.6930726191788257,False,1.5110648073679414
2,43,Baseline ACOR,0.5260416666666666,0.6808510638297872,0.512,0.5844748858447488,0,1.1376644549524262,True,1.5110648073679414
2,44,Baseline ACOR,0.7083333333333334,0.776,0.776,0.776,101,1.5758099642686352,False,1.5110648073679414
2,45,Baseline ACOR,0.75,0.8468468468468469,0.752,0.7966101694915254,0,1.058431763837528,True,1.5110648073679414
2,46,Baseline ACOR,0.5052083333333334,0.6293103448275862,0.584,0.6058091286307054,0,1.4866423447748847,True,1.5110648073679414
2,47,Baseline ACOR,0.71875,0.738255033557047,0.88,0.8029197080291971,101,1.5642759790207157,False,1.5110648073679414
2,48,Baseline ACOR,0.703125,0.753731343283582,0.808,0.7799227799227799,101,2.267205614520977,False,1.5110648073679414
2,49,Baseline ACOR,0.6979166666666666,0.7913043478260869,0.728,0.7583333333333333,101,1.745084498681264,False,1.5110648073679414
2,50,Baseline ACOR,0.5677083333333334,0.6981132075471698,0.592,0.6406926406926406,101,1.7627277551987186,False,1.5110648073679414
2,1,Hybrid ACOR-LM,0.7708333333333334,0.7793103448275862,0.904,0.837037037037037,0,0.43961030690316416,True,1.5110648073679414
2,2,Hybrid ACOR-LM,0.78125,0.816793893129771,0.856,0.8359375,0,0.4303472941755918,True,1.5110648073679414
2,3,Hybrid ACOR-LM,0.7760416666666666,0.7887323943661971,0.896,0.8389513108614233,0,0.40549372208175455,True,1.5110648073679414
2,4,Hybrid ACOR-LM,0.7760416666666666,0.7928571428571428,0.888,0.8377358490566038,0,0.4316417309342596,True,1.5110648073679414
2,5,Hybrid ACOR-LM,0.78125,0.7985611510791367,0.888,0.8409090909090909,0,0.4047673273842556,True,1.5110648073679414
2,6,Hybrid ACOR-LM,0.7916666666666666,0.8102189781021898,0.888,0.8473282442748091,0,0.4254373680435384,True,1.5110648073679414
2,7,Hybrid ACOR-LM,0.7916666666666666,0.8102189781021898,0.888,0.8473282442748091,0,0.45876583568405593,True,1.5110648073679414
2,8,Hybrid ACOR-LM,0.7760416666666666,0.8059701492537313,0.864,0.833976833976834,0,0.43996551450254257,True,1.5110648073679414
2,9,Hybrid ACOR-LM,0.828125,0.8432835820895522,0.904,0.8725868725868726,0,0.4366062919611051,True,1.5110648073679414
2,10,Hybrid ACOR-LM,0.7291666666666666,0.7874015748031497,0.8,0.7936507936507936,0,0.4269605478886916,True,1.5110648073679414
2,11,Hybrid ACOR-LM,0.796875,0.8115942028985508,0.896,0.8517110266159695,0,0.43960413835232476,True,1.5110648073679414
2,12,Hybrid ACOR-LM,0.7864583333333334,0.8134328358208955,0.872,0.8416988416988417,0,0.4437721912576644,True,1.5110648073679414
2,13,Hybrid ACOR-LM,0.765625,0.7941176470588235,0.864,0.8275862068965517,0,0.43999626543130604,True,1.5110648073679414
2,14,Hybrid ACOR-LM,0.765625,0.803030303030303,0.848,0.8249027237354085,0,0.4568023286774394,True,1.5110648073679414
2,15,Hybrid ACOR-LM,0.7760416666666666,0.7971014492753623,0.88,0.8365019011406845,0,0.4294002252641282,True,1.5110648073679414
2,16,Hybrid ACOR-LM,0.7760416666666666,0.8014705882352942,0.872,0.8352490421455939,0,0.44922347897456455,True,1.5110648073679414
2,17,Hybrid ACOR-LM,0.7447916666666666,0.7753623188405797,0.856,0.8136882129277566,0,0.4344588868546476,True,1.5110648073679414
2,18,Hybrid ACOR-LM,0.78125,0.7943262411347518,0.896,0.8421052631578947,0,0.43127869555234966,True,1.5110648073679414
2,19,Hybrid ACOR-LM,0.796875,0.8115942028985508,0.896,0.8517110266159695,0,0.4222760760797508,True,1.5110648073679414
2,20,Hybrid ACOR-LM,0.7760416666666666,0.8059701492537313,0.864,0.833976833976834,0,0.41810507786745793,True,1.5110648073679414
2,21,Hybrid ACOR-LM,0.7604166666666666,0.7841726618705036,0.872,0.8257575757575758,0,0.42258729088134417,True,1.5110648073679414
2,22,Hybrid ACOR-LM,0.7552083333333334,0.7910447761194029,0.848,0.8185328185328186,0,0.442351757678118,True,1.5110648073679414
2,23,Hybrid ACOR-LM,0.7604166666666666,0.8062015503875969,0.832,0.8188976377952756,0,0.4271995608247262,True,1.5110648073679414
2,24,Hybrid ACOR-LM,0.765625,0.7985074626865671,0.856,0.8262548262548263,0,0.414998105356061,True,1.5110648073679414
2,25,Hybrid ACOR-LM,0.7864583333333334,0.8333333333333334,0.84,0.8366533864541833,0,0.47520639048962976,True,1.5110648073679414
2,26,Hybrid ACOR-LM,0.7916666666666666,0.7972027972027972,0.912,0.8507462686567164,0,0.4261568997878127,True,1.5110648073679414
2,27,Hybrid ACOR-LM,0.765625,0.803030303030303,0.848,0.8249027237354085,0,0.4122454084525675,True,1.5110648073679414
2,28,Hybrid ACOR-LM,0.7760416666666666,0.8014705882352942,0.872,0.8352490421455939,0,0.42642813187428064,True,1.5110648073679414
2,29,Hybrid ACOR-LM,0.78125,0.7985611510791367,0.888,0.8409090909090909,0,0.4241548250780076,True,1.5110648073679414
2,30,Hybrid ACOR-LM,0.8020833333333334,0.8175182481751825,0.896,0.8549618320610687,0,0.4633492137060544,True,1.5110648073679414
2,31,Hybrid ACOR-LM,0.78125,0.8074074074074075,0.872,0.8384615384615385,0,0.4257447475558208,True,1.5110648073679414
2,32,Hybrid ACOR-LM,0.765625,0.803030303030303,0.848,0.8249027237354085,0,0.41783677927646984,True,1.5110648073679414
2,33,Hybrid ACOR-LM,0.7708333333333334,0.8,0.864,0.8307692307692308,0,0.45880284050446224,True,1.5110648073679414
2,34,Hybrid ACOR-LM,0.796875,0.8115942028985508,0.896,0.8517110266159695,0,0.43817173337039567,True,1.5110648073679414
2,35,Hybrid ACOR-LM,0.7604166666666666,0.7841726618705036,0.872,0.8257575757575758,0,0.39814440467545376,True,1.5110648073679414
2,36,Hybrid ACOR-LM,0.796875,0.8257575757575758,0.872,0.8482490272373541,0,0.4552933437639959,True,1.5110648073679414
2,37,Hybrid ACOR-LM,0.75,0.7851851851851852,0.848,0.8153846153846154,0,0.4217566792355478,True,1.5110648073679414
2,38,Hybrid ACOR-LM,0.7760416666666666,0.8059701492537313,0.864,0.833976833976834,0,0.45593173673879517,True,1.5110648073679414
2,39,Hybrid ACOR-LM,0.765625,0.803030303030303,0.848,0.8249027237354085,0,0.4180360847758885,True,1.5110648073679414
2,40,Hybrid ACOR-LM,0.7760416666666666,0.7971014492753623,0.88,0.8365019011406845,0,0.4505433867394696,True,1.5110648073679414
2,41,Hybrid ACOR-LM,0.7708333333333334,0.8,0.864,0.8307692307692308,0,0.43006162943843784,True,1.5110648073679414
2,42,Hybrid ACOR-LM,0.734375,0.7761194029850746,0.832,0.803088803088803,0,0.41837489870887157,True,1.5110648073679414
2,43,Hybrid ACOR-LM,0.7604166666666666,0.7841726618705036,0.872,0.8257575757575758,0,0.43842214124182566,True,1.5110648073679414
2,44,Hybrid ACOR-LM,0.7552083333333334,0.7910447761194029,0.848,0.8185328185328186,0,0.4388095664105346,True,1.5110648073679414
2,45,Hybrid ACOR-LM,0.796875,0.8257575757575758,0.872,0.8482490272373541,0,0.42829889032719315,True,1.5110648073679414
2,46,Hybrid ACOR-LM,0.796875,0.8257575757575758,0.872,0.8482490272373541,0,0.4211985506752794,True,1.5110648073679414
2,47,Hybrid ACOR-LM,0.7552083333333334,0.7746478873239436,0.88,0.8239700374531835,0,0.432969099287437,True,1.5110648073679414
2,48,Hybrid ACOR-LM,0.78125,0.8217054263565892,0.848,0.8346456692913385,0,0.44472229325891655,True,1.5110648073679414
2,49,Hybrid ACOR-LM,0.765625,0.7941176470588235,0.864,0.8275862068965517,0,0.4438516200890726,True,1.5110648073679414
2,50,Hybrid ACOR-LM,0.8125,0.8296296296296296,0.896,0.8615384615384616,0,0.4171856906602225,True,1.5110648073679414
3,1,Baseline ACOR,0.6770833333333334,0.8247422680412371,0.64,0.7207207207207207,101,1.9564253181131264,False,1.5014968399865216
3,2,Baseline ACOR,0.671875,0.8163265306122449,0.64,0.7174887892376681,0,1.433693641786087,True,1.5014968399865216
3,3,Baseline ACOR,0.7135416666666666,0.7430555555555556,0.856,0.7955390334572491,0,1.4729590758858013,True,1.5014968399865216
3,4,Baseline ACOR,0.7083333333333334,0.7482014388489209,0.832,0.7878787878787878,101,1.7725837838185217,False,1.5014968399865216
3,5,Baseline ACOR,0.5572916666666666,0.6694915254237288,0.632,0.6502057613168725,101,1.5875933902290693,False,1.5014968399865216
3,6,Baseline ACOR,0.5885416666666666,0.6554054054054054,0.776,0.7106227106227107,101,1.8359085604257064,False,1.5014968399865216
3,7,Baseline ACOR,0.640625,0.7456140350877193,0.68,0.7112970711297071,0,1.0029470390343898,True,1.5014968399865216
3,8,Baseline ACOR,0.6510416666666666,0.7265625,0.744,0.7351778656126482,101,1.5406412944603476,False,1.5014968399865216
3,9,Baseline ACOR,0.71875,0.784,0.784,0.784,101,1.6064219363749168,False,1.5014968399865216
3,10,Baseline ACOR,0.671875,0.81,0.648,0.72,0,1.0583167269287503,True,1.5014968399865216
3,11,Baseline ACOR,0.6510416666666666,0.7164179104477612,0.768,0.7413127413127413,101,1.96350262305455,False,1.5014968399865216
3,12,Baseline ACOR,0.578125,0.7037037037037037,0.608,0.6523605150214592,0,1.0736592091626704,True,1.5014968399865216
3,13,Baseline ACOR,0.75,0.9139784946236559,0.68,0.7798165137614679,101,1.693100863658738,False,1.5014968399865216
3,14,Baseline ACOR,0.6458333333333334,0.8701298701298701,0.536,0.6633663366336634,0,1.2713188780648066,True,1.5014968399865216
3,15,Baseline ACOR,0.7291666666666666,0.7552447552447552,0.864,0.8059701492537313,0,1.3916761966129119,True,1.5014968399865216
3,16,Baseline ACOR,0.390625,0.5344827586206896,0.496,0.5145228215767634,101,1.7441320958569415,False,1.5014968399865216
3,17,Baseline ACOR,0.546875,0.69,0.552,0.6133333333333333,0,1.4269624683278732,True,1.5014968399865216
3,18,Baseline ACOR,0.6197916666666666,0.7407407407407407,0.64,0.6866952789699571,101,1.53652706150529,False,1.5014968399865216
3,19,Baseline ACOR,0.6614583333333334,0.7380952380952381,0.744,0.7410358565737052,0,1.1024963827137304,True,1.5014968399865216
3,20,Baseline ACOR,0.7135416666666666,0.7692307692307693,0.8,0.7843137254901961,0,0.854110536800625,True,1.5014968399865216
3,21,Baseline ACOR,0.7083333333333334,0.8791208791208791,0.64,0.7407407407407407,101,1.6270861076692986,False,1.5014968399865216
3,22,Baseline ACOR,0.7395833333333334,0.8151260504201681,0.776,0.7950819672131147,0,0.9500835224490538,True,1.5014968399865216
3,23,Baseline ACOR,0.7135416666666666,0.8240740740740741,0.712,0.7639484978540773,0,1.2863837540097067,True,1.5014968399865216
3,24,Baseline ACOR,0.5520833333333334,0.648854961832061,0.68,0.6640625,0,1.3878765848826378,True,1.5014968399865216
3,25,Baseline ACOR,0.6875,0.6815642458100558,0.976,0.8026315789473685,101,1.6158082891996364,False,1.5014968399865216
3,26,Baseline ACOR,0.71875,0.7177914110429447,0.936,0.8125,101,1.5414521066406464,False,1.5014968399865216
3,27,Baseline ACOR,0.5260416666666666,0.6180555555555556,0.712,0.6617100371747212,101,1.5321704488037688,False,1.5014968399865216
3,28,Baseline ACOR,0.640625,0.8255813953488372,0.568,0.6729857819905213,101,1.6873809571458585,False,1.5014968399865216
3,29,Baseline ACOR,0.6927083333333334,0.7171052631578947,0.872,0.7870036101083032,0,1.207890005162402,True,1.5014968399865216
3,30,Baseline ACOR,0.6927083333333334,0.7088607594936709,0.896,0.7915194346289752,101,1.9029499919271753,False,1.5014968399865216
3,31,Baseline ACOR,0.6302083333333334,0.6753246753246753,0.832,0.7455197132616488,101,1.5566528336152323,False,1.5014968399865216
3,32,Baseline ACOR,0.609375,0.7083333333333334,0.68,0.6938775510204082,101,1.8884747722318511,False,1.5014968399865216
3,33,Baseline ACOR,0.7916666666666666,0.7972027972027972,0.912,0.8507462686567164,0,1.4013794561309112,True,1.5014968399865216
3,34,Baseline ACOR,0.7291666666666666,0.792,0.792,0.792,0,1.34256367411093,True,1.5014968399865216
3,35,Baseline ACOR,0.6458333333333334,0.6748466257668712,0.88,0.7638888888888888,101,1.6771879254344093,False,1.5014968399865216
3,36,Baseline ACOR,0.6875,0.8421052631578947,0.64,0.7272727272727273,0,1.3402518039902445,True,1.5014968399865216
3,37,Baseline ACOR,0.6614583333333334,0.6829268292682927,0.896,0.7750865051903114,0,1.3364232128714713,True,1.5014968399865216
3,38,Baseline ACOR,0.609375,0.6644736842105263,0.808,0.7292418772563177,0,1.2817668343760549,True,1.5014968399865216
3,39,Baseline ACOR,0.6510416666666666,0.7265625,0.744,0.7351778656126482,101,1.7908734368863695,False,1.5014968399865216
3,40,Baseline ACOR,0.5208333333333334,0.6941176470588235,0.472,0.5619047619047619,101,1.7085400794993453,False,1.5014968399865216
3,41,Baseline ACOR,0.7135416666666666,0.7464788732394366,0.848,0.7940074906367042,101,1.5899039511435964,False,1.5014968399865216
3,42,Baseline ACOR,0.625,0.8354430379746836,0.528,0.6470588235294118,101,1.7515760425547384,False,1.5014968399865216
3,43,Baseline ACOR,0.5104166666666666,0.6823529411764706,0.464,0.5523809523809524,0,1.1666446035118223,True,1.5014968399865216
3,44,Baseline ACOR,0.7291666666666666,0.8543689320388349,0.704,0.7719298245614035,0,1.475300763935873,True,1.5014968399865216
3,45,Baseline ACOR,0.6875,0.8217821782178217,0.664,0.7345132743362832,0,1.002610016736585,True,1.5014968399865216
3,46,Baseline ACOR,0.4479166666666667,0.564625850340136,0.664,0.6102941176470589,101,1.5124338626622484,False,1.5014968399865216
3,47,Baseline ACOR,0.65625,0.7218045112781954,0.768,0.7441860465116279,101,1.5179008704331889,False,1.5014968399865216
3,48,Baseline ACOR,0.640625,0.71875,0.736,0.7272727272727273,101,2.215243261016572,False,1.5014968399865216
3,49,Baseline ACOR,0.5729166666666666,0.7263157894736842,0.552,0.6272727272727273,101,1.6842143296372856,False,1.5014968399865216
3,50,Baseline ACOR,0.53125,0.6635514018691588,0.568,0.6120689655172413,101,1.770841417842317,False,1.5014968399865216
3,1,Hybrid ACOR-LM,0.765625,0.8278688524590164,0.808,0.8178137651821862,0,0.40631467328037274,True,1.5014968399865216
3,2,Hybrid ACOR-LM,0.78125,0.8487394957983193,0.808,0.8278688524590164,0,0.39416599096277205,True,1.5014968399865216
3,3,Hybrid ACOR-LM,0.7604166666666666,0.8319327731092437,0.792,0.8114754098360656,0,0.4265044840298457,True,1.5014968399865216
3,4,Hybrid ACOR-LM,0.78125,0.8217054263565892,0.848,0.8346456692913385,0,0.431084130727013,True,1.5014968399865216
3,5,Hybrid ACOR-LM,0.8177083333333334,0.875,0.84,0.8571428571428571,0,0.40970457746281297,True,1.5014968399865216
3,6,Hybrid ACOR-LM,0.8072916666666666,0.8793103448275862,0.816,0.8464730290456431,0,0.4287964335621544,True,1.5014968399865216
3,7,Hybrid ACOR-LM,0.8177083333333334,0.875,0.84,0.8571428571428571,0,0.42572189711559316,True,1.5014968399865216
3,8,Hybrid ACOR-LM,0.8020833333333334,0.859504132231405,0.832,0.8455284552845529,0,0.4284307485891285,True,1.5014968399865216
3,9,Hybrid ACOR-LM,0.765625,0.8125,0.832,0.8221343873517787,0,0.42027469228592573,True,1.5014968399865216
3,10,Hybrid ACOR-LM,0.78125,0.8487394957983193,0.808,0.8278688524590164,0,0.4256119520169077,True,1.5014968399865216
3,11,Hybrid ACOR-LM,0.7604166666666666,0.8376068376068376,0.784,0.8099173553719008,0,0.43531532387266686,True,1.5014968399865216
3,12,Hybrid ACOR-LM,0.765625,0.8076923076923077,0.84,0.8235294117647058,0,0.40133070239341595,True,1.5014968399865216
3,13,Hybrid ACOR-LM,0.7552083333333334,0.8362068965517241,0.776,0.8049792531120332,0,0.4078627946528155,True,1.5014968399865216
3,14,Hybrid ACOR-LM,0.7864583333333334,0.8387096774193549,0.832,0.8353413654618473,0,0.3956629366273678,True,1.5014968399865216
3,15,Hybrid ACOR-LM,0.796875,0.864406779661017,0.816,0.8395061728395061,0,0.46846407157421766,True,1.5014968399865216
3,16,Hybrid ACOR-LM,0.7708333333333334,0.813953488372093,0.84,0.8267716535433071,0,0.4558875215893998,True,1.5014968399865216
3,17,Hybrid ACOR-LM,0.734375,0.7983870967741935,0.792,0.7951807228915663,0,0.409078282905175,True,1.5014968399865216
3,18,Hybrid ACOR-LM,0.7395833333333334,0.8048780487804879,0.792,0.7983870967741935,0,0.407104440158063,True,1.5014968399865216
3,19,Hybrid ACOR-LM,0.7604166666666666,0.8211382113821138,0.808,0.8145161290322581,0,0.40708241832718234,True,1.5014968399865216
3,20,Hybrid ACOR-LM,0.78125,0.8547008547008547,0.8,0.8264462809917356,0,0.4371302094944504,True,1.5014968399865216
3,21,Hybrid ACOR-LM,0.7604166666666666,0.8376068376068376,0.784,0.8099173553719008,0,0.39261750983167043,True,1.5014968399865216
3,22,Hybrid ACOR-LM,0.75,0.8235294117647058,0.784,0.8032786885245902,0,0.39714228350111525,True,1.5014968399865216
3,23,Hybrid ACOR-LM,0.796875,0.864406779661017,0.816,0.8395061728395061,0,0.40854758380791345,True,1.5014968399865216
3,24,Hybrid ACOR-LM,0.7760416666666666,0.8360655737704918,0.816,0.8259109311740891,0,0.3918739085774971,True,1.5014968399865216
3,25,Hybrid ACOR-LM,0.8229166666666666,0.9026548672566371,0.816,0.8571428571428571,0,0.43802201897614895,True,1.5014968399865216
3,26,Hybrid ACOR-LM,0.7916666666666666,0.8455284552845529,0.832,0.8387096774193549,0,0.39999315278716263,True,1.5014968399865216
3,27,Hybrid ACOR-LM,0.78125,0.8547008547008547,0.8,0.8264462809917356,0,0.41012592835323997,True,1.5014968399865216
3,28,Hybrid ACOR-LM,0.7395833333333334,0.8048780487804879,0.792,0.7983870967741935,0,0.4133274233930823,True,1.5014968399865216
3,29,Hybrid ACOR-LM,0.7916666666666666,0.84,0.84,0.84,0,0.42611755532606793,True,1.5014968399865216
3,30,Hybrid ACOR-LM,0.7760416666666666,0.8306451612903226,0.824,0.8273092369477911,0,0.41516431127215786,True,1.5014968399865216
3,31,Hybrid ACOR-LM,0.7864583333333334,0.8442622950819673,0.824,0.8340080971659919,0,0.42177357957923106,True,1.5014968399865216
3,32,Hybrid ACOR-LM,0.8020833333333334,0.8536585365853658,0.84,0.8467741935483871,0,0.42448117359473453,True,1.5014968399865216
3,33,Hybrid ACOR-LM,0.796875,0.864406779661017,0.816,0.8395061728395061,0,0.412392324865827,True,1.5014968399865216
3,34,Hybrid ACOR-LM,0.765625,0.7941176470588235,0.864,0.8275862068965517,0,0.44230666735280877,True,1.5014968399865216
3,35,Hybrid ACOR-LM,0.7604166666666666,0.8211382113821138,0.808,0.8145161290322581,0,0.43017312186241163,True,1.5014968399865216
3,36,Hybrid ACOR-LM,0.7708333333333334,0.8403361344537815,0.8,0.819672131147541,0,0.43352635153385527,True,1.5014968399865216
3,37,Hybrid ACOR-LM,0.7604166666666666,0.8015267175572519,0.84,0.8203125,0,0.403574702464428,True,1.5014968399865216
3,38,Hybrid ACOR-LM,0.78125,0.8429752066115702,0.816,0.8292682926829268,0,0.4156402132095598,True,1.5014968399865216
3,39,Hybrid ACOR-LM,0.7760416666666666,0.8253968253968254,0.832,0.8286852589641435,0,0.40218160044478896,True,1.5014968399865216
3,40,Hybrid ACOR-LM,0.7552083333333334,0.819672131147541,0.8,0.8097165991902834,0,0.3984584568381163,True,1.5014968399865216
3,41,Hybrid ACOR-LM,0.78125,0.8547008547008547,0.8,0.8264462809917356,0,0.41630878033758695,True,1.5014968399865216
3,42,Hybrid ACOR-LM,0.71875,0.808695652173913,0.744,0.775,0,0.40395981414653587,True,1.5014968399865216
3,43,Hybrid ACOR-LM,0.7708333333333334,0.813953488372093,0.84,0.8267716535433071,4,0.39822993718810573,True,1.5014968399865216
3,44,Hybrid ACOR-LM,0.734375,0.8032786885245902,0.784,0.7935222672064778,0,0.3967929704916677,True,1.5014968399865216
3,45,Hybrid ACOR-LM,0.8072916666666666,0.8666666666666667,0.832,0.8489795918367347,0,0.4260518094566884,True,1.5014968399865216
3,46,Hybrid ACOR-LM,0.796875,0.8359375,0.856,0.8458498023715415,0,0.4109796326316837,True,1.5014968399865216
3,47,Hybrid ACOR-LM,0.7552083333333334,0.8362068965517241,0.776,0.8049792531120332,0,0.41090176224544545,True,1.5014968399865216
3,48,Hybrid ACOR-LM,0.7864583333333334,0.868421052631579,0.792,0.8284518828451883,0,0.4190524766438418,True,1.5014968399865216
3,49,Hybrid ACOR-LM,0.7916666666666666,0.84,0.84,0.84,0,0.4185874525064592,True,1.5014968399865216
3,50,Hybrid ACOR-LM,0.796875,0.8583333333333333,0.824,0.8408163265306122,0,0.4249684659380721,True,1.5014968399865216
4,1,Baseline ACOR,0.640625,0.71875,0.736,0.7272727272727273,101,1.8280417264064661,False,1.4458117683603158
4,2,Baseline ACOR,0.6822916666666666,0.7711864406779662,0.728,0.7489711934156379,0,1.3901885478188143,True,1.4458117683603158
4,3,Baseline ACOR,0.6666666666666666,0.7132867132867133,0.816,0.7611940298507462,0,1.4224135963360856,True,1.4458117683603158
4,4,Baseline ACOR,0.703125,0.7361111111111112,0.848,0.7881040892193308,101,1.6872086675974076,False,1.4458117683603158
4,5,Baseline ACOR,0.578125,0.7037037037037037,0.608,0.6523605150214592,0,1.4121312072500858,True,1.4458117683603158
4,6,Baseline ACOR,0.6197916666666666,0.6710526315789473,0.816,0.7364620938628159,101,1.833418555876002,False,1.4458117683603158
4,7,Baseline ACOR,0.671875,0.7767857142857143,0.696,0.7341772151898734,0,1.0162561680540152,True,1.4458117683603158
4,8,Baseline ACOR,0.65625,0.7251908396946565,0.76,0.7421875,101,1.4638845196607635,False,1.4458117683603158
4,9,Baseline ACOR,0.7135416666666666,0.782258064516129,0.776,0.7791164658634538,101,1.60385928695557,False,1.4458117683603158
4,10,Baseline ACOR,0.6458333333333334,0.7522123893805309,0.68,0.7142857142857143,0,0.981432275235229,True,1.4458117683603158
4,11,Baseline ACOR,0.6770833333333334,0.752,0.752,0.752,101,1.7996576107804738,False,1.4458117683603158
4,12,Baseline ACOR,0.6197916666666666,0.7203389830508474,0.68,0.6995884773662552,0,1.1158441962200512,True,1.4458117683603158
4,13,Baseline ACOR,0.6770833333333334,0.7692307692307693,0.72,0.743801652892562,101,1.5505235819655587,False,1.4458117683603158
4,14,Baseline ACOR,0.6197916666666666,0.8421052631578947,0.512,0.6368159203980099,0,1.276526277117627,True,1.4458117683603158
4,15,Baseline ACOR,0.6979166666666666,0.7375886524822695,0.832,0.7819548872180451,0,1.2849980509886831,True,1.4458117683603158
4,16,Baseline ACOR,0.53125,0.631578947368421,0.672,0.6511627906976745,101,1.7361438907996587,False,1.4458117683603158
4,17,Baseline ACOR,0.5677083333333334,0.723404255319149,0.544,0.6210045662100456,0,1.3903318313034707,True,1.4458117683603158
4,18,Baseline ACOR,0.640625,0.7413793103448276,0.688,0.7136929460580913,101,1.5424591541782253,False,1.4458117683603158
4,19,Baseline ACOR,0.6145833333333334,0.704,0.704,0.704,0,1.0150505387926403,True,1.4458117683603158
4,20,Baseline ACOR,0.6770833333333334,0.7299270072992701,0.8,0.7633587786259542,0,0.8296793434480194,True,1.4458117683603158
4,21,Baseline ACOR,0.7083333333333334,0.8349514563106796,0.688,0.7543859649122807,101,1.5144546424370269,False,1.4458117683603158
4,22,Baseline ACOR,0.65625,0.7657657657657657,0.68,0.7203389830508474,0,0.8878653140731633,True,1.4458117683603158
4,23,Baseline ACOR,0.6354166666666666,0.7391304347826086,0.68,0.7083333333333334,0,1.2230844484584036,True,1.4458117683603158
4,24,Baseline ACOR,0.5833333333333334,0.6551724137931034,0.76,0.7037037037037037,101,1.4861341363663252,False,1.4458117683603158
4,25,Baseline ACOR,0.6302083333333334,0.6534090909090909,0.92,0.7641196013289037,101,1.5710163872478924,False,1.4458117683603158
4,26,Baseline ACOR,0.6875,0.6946107784431138,0.928,0.7945205479452054,101,1.5015362079201862,False,1.4458117683603158
4,27,Baseline ACOR,0.6979166666666666,0.7342657342657343,0.84,0.7835820895522388,101,1.5033587832348678,False,1.4458117683603158
4,28,Baseline ACOR,0.6666666666666666,0.8279569892473119,0.616,0.7064220183486238,101,1.6868630234410997,False,1.4458117683603158
4,29,Baseline ACOR,0.625,0.6778523489932886,0.808,0.7372262773722628,0,1.1598479061651608,True,1.4458117683603158
4,30,Baseline ACOR,0.671875,0.6845238095238095,0.92,0.7849829351535836,101,1.8601061572982747,False,1.4458117683603158
4,31,Baseline ACOR,0.7135416666666666,0.7364864864864865,0.872,0.7985347985347986,101,1.479923319605354,False,1.4458117683603158
4,32,Baseline ACOR,0.625,0.8271604938271605,0.536,0.6504854368932039,101,1.9161481128655238,False,1.4458117683603158
4,33,Baseline ACOR,0.7083333333333334,0.7518248175182481,0.824,0.7862595419847328,0,1.2634903406484828,True,1.4458117683603158
4,34,Baseline ACOR,0.6979166666666666,0.7768595041322314,0.752,0.7642276422764228,0,1.3947333371199686,True,1.4458117683603158
4,35,Baseline ACOR,0.6458333333333334,0.6628571428571428,0.928,0.7733333333333333,101,1.6327478580078045,False,1.4458117683603158
4,36,Baseline ACOR,0.703125,0.8541666666666666,0.656,0.7420814479638009,0,1.4046256162696567,True,1.4458117683603158
4,37,Baseline ACOR,0.5989583333333334,0.6558441558441559,0.808,0.7240143369175627,0,1.2009722626967951,True,1.4458117683603158
4,38,Baseline ACOR,0.6302083333333334,0.684931506849315,0.8,0.7380073800738007,0,1.2789279174771027,True,1.4458117683603158
4,39,Baseline ACOR,0.5885416666666666,0.7090909090909091,0.624,0.6638297872340425,101,1.705409801863165,False,1.4458117683603158
4,40,Baseline ACOR,0.4739583333333333,0.6621621621621622,0.392,0.49246231155778897,101,1.5659595546772218,False,1.4458117683603158
4,41,Baseline ACOR,0.6666666666666666,0.7019867549668874,0.848,0.7681159420289855,101,1.4620762966001064,False,1.4458117683603158
4,42,Baseline ACOR,0.578125,0.782051282051282,0.488,0.6009852216748769,101,1.6469089203958824,False,1.4458117683603158
4,43,Baseline ACOR,0.5416666666666666,0.7032967032967034,0.512,0.5925925925925926,0,1.1158060473002687,True,1.4458117683603158
4,44,Baseline ACOR,0.6822916666666666,0.7758620689655172,0.72,0.7468879668049793,0,1.4327470716189643,True,1.4458117683603158
4,45,Baseline ACOR,0.6458333333333334,0.7614678899082569,0.664,0.7094017094017094,0,0.9453827090435816,True,1.4458117683603158
4,46,Baseline ACOR,0.46875,0.6017699115044248,0.544,0.5714285714285714,101,1.5012068734914843,False,1.4458117683603158
4,47,Baseline ACOR,0.6145833333333334,0.6946564885496184,0.728,0.7109375,0,1.3434290666763404,True,1.4458117683603158
4,48,Baseline ACOR,0.6197916666666666,0.7131147540983607,0.696,0.7044534412955465,101,2.1730677745644065,False,1.4458117683603158
4,49,Baseline ACOR,0.5833333333333334,0.7102803738317757,0.608,0.6551724137931034,101,1.5581867103707472,False,1.4458117683603158
4,50,Baseline ACOR,0.53125,0.6804123711340206,0.528,0.5945945945945946,101,1.6945227932956792,False,1.4458117683603158
4,1,Hybrid ACOR-LM,0.734375,0.7720588235294118,0.84,0.8045977011494253,0,0.41387725972803935,True,1.4458117683603158
4,2,Hybrid ACOR-LM,0.7135416666666666,0.7692307692307693,0.8,0.7843137254901961,0,0.40444727467916913,True,1.4458117683603158
4,3,Hybrid ACOR-LM,0.7291666666666666,0.762589928057554,0.848,0.803030303030303,0,0.4057504025276601,True,1.4458117683603158
4,4,Hybrid ACOR-LM,0.7447916666666666,0.7794117647058824,0.848,0.8122605363984674,0,0.4130508758044759,True,1.4458117683603158
4,5,Hybrid ACOR-LM,0.7447916666666666,0.7923076923076923,0.824,0.807843137254902,0,0.41331049400644,True,1.4458117683603158
4,6,Hybrid ACOR-LM,0.7083333333333334,0.7633587786259542,0.8,0.78125,0,0.4072278909531862,True,1.4458117683603158
4,7,Hybrid ACOR-LM,0.734375,0.7761194029850746,0.832,0.803088803088803,0,0.4360307238366549,True,1.4458117683603158
4,8,Hybrid ACOR-LM,0.71875,0.762962962962963,0.824,0.7923076923076923,0,0.4148046915818237,True,1.4458117683603158
4,9,Hybrid ACOR-LM,0.7083333333333334,0.7633587786259542,0.8,0.78125,0,0.4160282984787134,True,1.4458117683603158
4,10,Hybrid ACOR-LM,0.734375,0.7890625,0.808,0.7984189723320159,0,0.4142940799044711,True,1.4458117683603158
4,11,Hybrid ACOR-LM,0.7291666666666666,0.7786259541984732,0.816,0.796875,0,0.42609975216064666,True,1.4458117683603158
4,12,Hybrid ACOR-LM,0.7447916666666666,0.7923076923076923,0.824,0.807843137254902,0,0.41422954216174523,True,1.4458117683603158
4,13,Hybrid ACOR-LM,0.75,0.7938931297709924,0.832,0.8125,0,0.40333460787794767,True,1.4458117683603158
4,14,Hybrid ACOR-LM,0.734375,0.7890625,0.808,0.7984189723320159,4,0.39839522052951704,True,1.4458117683603158
4,15,Hybrid ACOR-LM,0.7135416666666666,0.7734375,0.792,0.782608695652174,0,0.41347172664585213,True,1.4458117683603158
4,16,Hybrid ACOR-LM,0.734375,0.7720588235294118,0.84,0.8045977011494253,0,0.42489776329572077,True,1.4458117683603158
4,17,Hybrid ACOR-LM,0.7291666666666666,0.7703703703703704,0.832,0.8,0,0.42380621034643967,True,1.4458117683603158
4,18,Hybrid ACOR-LM,0.734375,0.7846153846153846,0.816,0.8,0,0.4096730257180762,True,1.4458117683603158
4,19,Hybrid ACOR-LM,0.75,0.7984496124031008,0.824,0.8110236220472441,0,0.4260337634383775,True,1.4458117683603158
4,20,Hybrid ACOR-LM,0.71875,0.7669172932330827,0.816,0.7906976744186046,0,0.4307494669965495,True,1.4458117683603158
4,21,Hybrid ACOR-LM,0.7395833333333334,0.7862595419847328,0.824,0.8046875,0,0.4162577549605623,True,1.4458117683603158
4,22,Hybrid ACOR-LM,0.7552083333333334,0.8,0.832,0.8156862745098039,0,0.39944875415264414,True,1.4458117683603158
4,23,Hybrid ACOR-LM,0.7239583333333334,0.7647058823529411,0.832,0.7969348659003831,0,0.42676275659522456,True,1.4458117683603158
4,24,Hybrid ACOR-LM,0.7552083333333334,0.7954545454545454,0.84,0.8171206225680934,0,0.4040806076663984,True,1.4458117683603158
4,25,Hybrid ACOR-LM,0.75,0.7851851851851852,0.848,0.8153846153846154,0,0.41503154840572937,True,1.4458117683603158
4,26,Hybrid ACOR-LM,0.703125,0.753731343283582,0.808,0.7799227799227799,0,0.4253665114870866,True,1.4458117683603158
4,27,Hybrid ACOR-LM,0.71875,0.7751937984496124,0.8,0.7874015748031497,0,0.4142476063818587,True,1.4458117683603158
4,28,Hybrid ACOR-LM,0.7552083333333334,0.7954545454545454,0.84,0.8171206225680934,0,0.3875445849866544,True,1.4458117683603158
4,29,Hybrid ACOR-LM,0.7604166666666666,0.7841726618705036,0.872,0.8257575757575758,0,0.4140176068454201,True,1.4458117683603158
4,30,Hybrid ACOR-LM,0.7135416666666666,0.7573529411764706,0.824,0.789272030651341,0,0.43629672826032556,True,1.4458117683603158
4,31,Hybrid ACOR-LM,0.71875,0.7709923664122137,0.808,0.7890625,0,0.41419202024977686,True,1.4458117683603158
4,32,Hybrid ACOR-LM,0.7291666666666666,0.7829457364341085,0.808,0.7952755905511811,0,0.40628045796937085,True,1.4458117683603158
4,33,Hybrid ACOR-LM,0.7239583333333334,0.7769230769230769,0.808,0.792156862745098,0,0.40899598774390156,True,1.4458117683603158
4,34,Hybrid ACOR-LM,0.7135416666666666,0.7734375,0.792,0.782608695652174,0,0.41162918125164144,True,1.4458117683603158
4,35,Hybrid ACOR-LM,0.7083333333333334,0.7555555555555555,0.816,0.7846153846153846,0,0.4101546946298029,True,1.4458117683603158
4,36,Hybrid ACOR-LM,0.7552083333333334,0.8,0.832,0.8156862745098039,0,0.40617424089096676,True,1.4458117683603158
4,37,Hybrid ACOR-LM,0.7395833333333334,0.7777777777777778,0.84,0.8076923076923077,0,0.41639616878199,True,1.4458117683603158
4,38,Hybrid ACOR-LM,0.734375,0.7605633802816901,0.864,0.8089887640449438,0,0.3938479259711845,True,1.4458117683603158
4,39,Hybrid ACOR-LM,0.7395833333333334,0.7777777777777778,0.84,0.8076923076923077,0,0.40802449443413447,True,1.4458117683603158
4,40,Hybrid ACOR-LM,0.7552083333333334,0.7785714285714286,0.872,0.8226415094339623,0,0.4055939979147596,True,1.4458117683603158
4,41,Hybrid ACOR-LM,0.734375,0.7761194029850746,0.832,0.803088803088803,0,0.41929753702063516,True,1.4458117683603158
4,42,Hybrid ACOR-LM,0.75,0.7938931297709924,0.832,0.8125,4,0.405576348545537,True,1.4458117683603158
4,43,Hybrid ACOR-LM,0.734375,0.7720588235294118,0.84,0.8045977011494253,0,0.4030915663949996,True,1.4458117683603158
4,44,Hybrid ACOR-LM,0.7239583333333334,0.7769230769230769,0.808,0.792156862745098,0,0.3885293569072117,True,1.4458117683603158
4,45,Hybrid ACOR-LM,0.734375,0.7681159420289855,0.848,0.8060836501901141,0,0.40724875612531114,True,1.4458117683603158
4,46,Hybrid ACOR-LM,0.7291666666666666,0.7703703703703704,0.832,0.8,0,0.4204851533024392,True,1.4458117683603158
4,47,Hybrid ACOR-LM,0.75,0.8031496062992126,0.816,0.8095238095238095,0,0.39877917247687916,True,1.4458117683603158
4,48,Hybrid ACOR-LM,0.7395833333333334,0.7906976744186046,0.816,0.8031496062992126,0,0.4237495587574041,True,1.4458117683603158
4,49,Hybrid ACOR-LM,0.7395833333333334,0.7906976744186046,0.816,0.8031496062992126,0,0.412637234194482,True,1.4458117683603158
4,50,Hybrid ACOR-LM,0.71875,0.762962962962963,0.824,0.7923076923076923,0,0.39391893361662966,True,1.4458117683603158
