,Radius,Texture,Perimeter,Area,Smoothness,Compactness,Concavity,Concave Points,Symmetry
Radius,1.0,0.6449125043512701,0.6545890800019242,0.4863562436767018,0.5218162199598517,0.5874039837447088,0.5584281622853957,0.5358345492129777,0.3500338564859638
Texture,0.64491250435127,1.0,0.9068819130525944,0.7055818115571127,0.7517991298771315,0.6868651664363555,0.7557209811005747,0.7228648219063583,0.4586931474165097
Perimeter,0.6545890800019242,0.9068819130525945,1.0,0.6830792002304755,0.7196684371703574,0.7096363512702539,0.7359484540232981,0.7194463169532809,0.43891092892820877
Area,0.4863562436767018,0.7055818115571127,0.6830792002304756,1.0,0.5995990684254984,0.6651469957040769,0.666715326264053,0.6033524122167611,0.41763278005688587
Smoothness,0.5218162199598518,0.7517991298771316,0.7196684371703576,0.5995990684254984,1.0,0.5813601788523879,0.6161018408718487,0.628880685589092,0.47910147703474726
Compactness,0.5874039837447088,0.6868651664363555,0.7096363512702538,0.665146995704077,0.5813601788523879,1.0,0.6759308824403433,0.5773716604526645,0.33883726536407693
Concavity,0.5584281622853957,0.7557209811005747,0.7359484540232981,0.666715326264053,0.6161018408718487,0.6759308824403434,1.0,0.6658778094254393,0.3441694962658533
Concave Points,0.5358345492129777,0.7228648219063581,0.7194463169532809,0.6033524122167611,0.6288806855890922,0.5773716604526645,0.6658778094254393,1.0,0.4283357493535753
Symmetry,0.3500338564859638,0.45869314741650974,0.4389109289282087,0.41763278005688587,0.47910147703474726,0.33883726536407693,0.3441694962658533,0.4283357493535753,1.0
